CALENDAR YEAR,LIC #,COUNTY,FACILITY NAME,SPECIES,INTAKE,ADOPTED OUT,RETURNED TO OWNER,EUTHANIZED,TOTAL OPERATING EXPENSES,COST PER ANIMAL
2023,23,ALAMANCE,BURLINGTON ANIMAL SERVICES,DOG,2190,1620,393,173,,
2023,23,ALAMANCE,BURLINGTON ANIMAL SERVICES,CAT,3987,3653,49,171,,
2023,23,ALAMANCE,BURLINGTON ANIMAL SERVICES,BAT,9,0,0,8,,
2023,23,ALAMANCE,BURLINGTON ANIMAL SERVICES,CHICKEN,10,10,0,0,,
2023,23,ALAMANCE,BURLINGTON ANIMAL SERVICES,CONURE,1,1,0,0,,
2023,23,ALAMANCE,BURLINGTON ANIMAL SERVICES,CROW,1,1,0,0,,
2023,23,ALAMANCE,BURLINGTON ANIMAL SERVICES,DEER,11,0,0,11,,
2023,23,ALAMANCE,BURLINGTON ANIMAL SERVICES,DUCK,1,1,0,0,,
2023,23,ALAMANCE,BURLINGTON ANIMAL SERVICES,FINCH,1,1,0,0,,
2023,23,ALAMANCE,BURLINGTON ANIMAL SERVICES,FISH (TROPICAL PET),2,0,0,0,,
2023,23,ALAMANCE,BURLINGTON ANIMAL SERVICES,FOX,1,0,0,1,,
2023,23,ALAMANCE,BURLINGTON ANIMAL SERVICES,GOAT,7,5,1,0,,
2023,23,ALAMANCE,BURLINGTON ANIMAL SERVICES,GOOSE,1,1,0,0,,
2023,23,ALAMANCE,BURLINGTON ANIMAL SERVICES,GUINEA PIG,11,10,0,0,,
2023,23,ALAMANCE,BURLINGTON ANIMAL SERVICES,HAWK,2,0,0,2,,
2023,23,ALAMANCE,BURLINGTON ANIMAL SERVICES,JAY (BLUE),1,1,0,0,,
2023,23,ALAMANCE,BURLINGTON ANIMAL SERVICES,LIZARD (BEARDED DRAGON),3,3,0,0,,
2023,23,ALAMANCE,BURLINGTON ANIMAL SERVICES,OPOSSUM,3,1,0,2,,
2023,23,ALAMANCE,BURLINGTON ANIMAL SERVICES,OTHER BIRD (WILD),4,3,0,1,,
2023,23,ALAMANCE,BURLINGTON ANIMAL SERVICES,OWL,2,1,0,1,,
2023,23,ALAMANCE,BURLINGTON ANIMAL SERVICES,PIG,7,5,1,1,,
2023,23,ALAMANCE,BURLINGTON ANIMAL SERVICES,RABBIT,21,18,0,2,,
2023,23,ALAMANCE,BURLINGTON ANIMAL SERVICES,RACOON,4,1,0,0,,
2023,23,ALAMANCE,BURLINGTON ANIMAL SERVICES,SHEEP,1,1,0,0,,
2023,23,ALAMANCE,BURLINGTON ANIMAL SERVICES,SQUIRREL,2,2,0,0,,
2023,23,ALAMANCE,BURLINGTON ANIMAL SERVICES,TORTOISE,1,1,0,0,,
2023,23,ALAMANCE,BURLINGTON ANIMAL SERVICES,TURTLE,5,4,0,1,,
2023,23,ALAMANCE,BURLINGTON ANIMAL SERVICES,,,,,,"$2,225,255.00",$354.00
2023,74,ALEXANDER,ALEXANDER COUNTY ANIMAL SERVICES,DOG,288,134,94,53,,
2023,74,ALEXANDER,ALEXANDER COUNTY ANIMAL SERVICES,CAT,267,131,6,113,,
2023,74,ALEXANDER,ALEXANDER COUNTY ANIMAL SERVICES,RABBIT,1,0,0,0,,
2023,74,ALEXANDER,ALEXANDER COUNTY ANIMAL SERVICES,RACCOON,15,0,0,15,,
2023,74,ALEXANDER,ALEXANDER COUNTY ANIMAL SERVICES,OPOSSUM,4,3,1,0,,
2023,74,ALEXANDER,ALEXANDER COUNTY ANIMAL SERVICES,BAT,3,0,0,1,,
2023,74,ALEXANDER,ALEXANDER COUNTY ANIMAL SERVICES,FOX,3,0,0,3,,
2023,74,ALEXANDER,ALEXANDER COUNTY ANIMAL SERVICES,HAWK,1,1,0,0,,
2023,74,ALEXANDER,ALEXANDER COUNTY ANIMAL SERVICES,MOUSE,1,0,0,1,,
2023,74,ALEXANDER,ALEXANDER COUNTY ANIMAL SERVICES,RAT,18,0,0,18,,
2023,74,ALEXANDER,ALEXANDER COUNTY ANIMAL SERVICES,SKUNK,3,0,2,1,,
2023,74,ALEXANDER,ALEXANDER COUNTY ANIMAL SERVICES,SNAKE,3,1,2,0,,
2023,74,ALEXANDER,ALEXANDER COUNTY ANIMAL SERVICES,TURKEY,1,1,0,0,,
2023,74,ALEXANDER,ALEXANDER COUNTY ANIMAL SERVICES,SQUIRREL,1,1,0,0,,
2023,74,ALEXANDER,ALEXANDER COUNTY ANIMAL SERVICES,,,,,,"$289,177.31",$474.84
2023,43,ANSON,ANSON COUNTY ANIMAL SHELTER,DOG,663,613,42,5,,
2023,43,ANSON,ANSON COUNTY ANIMAL SHELTER,CAT,206,172,2,0,,
2023,43,ANSON,ANSON COUNTY ANIMAL SHELTER,PIG,1,1,0,0,,
2023,43,ANSON,ANSON COUNTY ANIMAL SHELTER,,,,,,"$375,251.00",$431.81
2023,79,ASHE,ASHE COUNTY ANIMAL CONTROL,DOG,480,363,105,12,,
2023,79,ASHE,ASHE COUNTY ANIMAL CONTROL,CAT,564,535,12,17,,
2023,79,ASHE,ASHE COUNTY ANIMAL CONTROL,HORSE,2,0,2,0,,
2023,79,ASHE,ASHE COUNTY ANIMAL CONTROL,GOAT,2,2,0,0,,
2023,79,ASHE,ASHE COUNTY ANIMAL CONTROL,BOBCAT,1,0,0,1,,
2023,79,ASHE,ASHE COUNTY ANIMAL CONTROL,,,,,,"$358,600.00",$341.84
2023,58,BEAUFORT,BETSY BAILEY NELSON ANIMAL CONTROL FAC.,DOG,817,568,91,152,,
2023,58,BEAUFORT,BETSY BAILEY NELSON ANIMAL CONTROL FAC.,CAT,836,516,8,287,,
2023,58,BEAUFORT,BETSY BAILEY NELSON ANIMAL CONTROL FAC.,RABBIT,7,6,0,1,,
2023,58,BEAUFORT,BETSY BAILEY NELSON ANIMAL CONTROL FAC.,RACCOON,2,0,0,0,,
2023,58,BEAUFORT,BETSY BAILEY NELSON ANIMAL CONTROL FAC.,BAT,3,0,0,0,,
2023,58,BEAUFORT,BETSY BAILEY NELSON ANIMAL CONTROL FAC.,BEARDED DRAGON,2,0,2,0,,
2023,58,BEAUFORT,BETSY BAILEY NELSON ANIMAL CONTROL FAC.,HAMSTER,8,8,0,0,,
2023,58,BEAUFORT,BETSY BAILEY NELSON ANIMAL CONTROL FAC.,PIG,2,2,0,0,,
2023,58,BEAUFORT,BETSY BAILEY NELSON ANIMAL CONTROL FAC.,GUINEA PIG,9,9,0,0,,
2023,58,BEAUFORT,BETSY BAILEY NELSON ANIMAL CONTROL FAC.,,,,,,"$515,626.00",$305.83
2023,126,BERTIE,"WINDSOR, TOWN OF",DOG,11,3,5,3,,
2023,126,BERTIE,"WINDSOR, TOWN OF",CAT,6,5,1,0,,
2023,126,BERTIE,"WINDSOR, TOWN OF",,,,,,"$9,474.15",$557.30
2023,85,BLADEN,BLADEN COUNTY ANIMAL SHELTER,DOG,893,695,119,51,,
2023,85,BLADEN,BLADEN COUNTY ANIMAL SHELTER,CAT,684,533,12,146,,
2023,85,BLADEN,BLADEN COUNTY ANIMAL SHELTER,CHICKEN,1,1,0,0,,
2023,85,BLADEN,BLADEN COUNTY ANIMAL SHELTER,PIG,2,1,0,0,,
2023,85,BLADEN,BLADEN COUNTY ANIMAL SHELTER,HORSE,1,1,0,0,,
2023,85,BLADEN,BLADEN COUNTY ANIMAL SHELTER,,,,,,"$395,824.25",$250.36
2023,15,BRUNSWICK,BRUNSWICK CO SHERIFF'S OFFICE APS,DOG,1881,797,372,597,,
2023,15,BRUNSWICK,BRUNSWICK CO SHERIFF'S OFFICE APS,CAT,2605,614,52,585,,
2023,15,BRUNSWICK,BRUNSWICK CO SHERIFF'S OFFICE APS,RABBIT,11,11,0,0,,
2023,15,BRUNSWICK,BRUNSWICK CO SHERIFF'S OFFICE APS,RACCOON,9,0,0,9,,
2023,15,BRUNSWICK,BRUNSWICK CO SHERIFF'S OFFICE APS,,,,,,"$1,014,019.00",$220.00
2023,110,BRUNSWICK,"SUNSET BEACH, TOWN OF",DOG,9,1,8,0,,
2023,110,BRUNSWICK,"SUNSET BEACH, TOWN OF",,,,,,$0.00,$0.00
2023,66,BUNCOMBE,ASHEVILLE HUMANE SOCIETY-BUNCOMBE CO ANIMAL SHELTER,BAT,17,0,0,17,,
2023,66,BUNCOMBE,ASHEVILLE HUMANE SOCIETY-BUNCOMBE CO ANIMAL SHELTER,BEARDED DRAGON,2,1,0,0,,
2023,66,BUNCOMBE,ASHEVILLE HUMANE SOCIETY-BUNCOMBE CO ANIMAL SHELTER,BIRD,9,4,1,0,,
2023,66,BUNCOMBE,ASHEVILLE HUMANE SOCIETY-BUNCOMBE CO ANIMAL SHELTER,CAT,2262,1906,131,166,,
2023,66,BUNCOMBE,ASHEVILLE HUMANE SOCIETY-BUNCOMBE CO ANIMAL SHELTER,CHICKEN,18,17,0,1,,
2023,66,BUNCOMBE,ASHEVILLE HUMANE SOCIETY-BUNCOMBE CO ANIMAL SHELTER,CONURE,1,1,0,0,,
2023,66,BUNCOMBE,ASHEVILLE HUMANE SOCIETY-BUNCOMBE CO ANIMAL SHELTER,COYOTE,1,0,0,1,,
2023,66,BUNCOMBE,ASHEVILLE HUMANE SOCIETY-BUNCOMBE CO ANIMAL SHELTER,DOG,1862,1008,486,282,,
2023,66,BUNCOMBE,ASHEVILLE HUMANE SOCIETY-BUNCOMBE CO ANIMAL SHELTER,DUCK (DOMESTIC),3,2,0,0,,
2023,66,BUNCOMBE,ASHEVILLE HUMANE SOCIETY-BUNCOMBE CO ANIMAL SHELTER,DUCK (UNSPECIFIED),1,1,0,0,,
2023,66,BUNCOMBE,ASHEVILLE HUMANE SOCIETY-BUNCOMBE CO ANIMAL SHELTER,FERRET,2,1,0,0,,
2023,66,BUNCOMBE,ASHEVILLE HUMANE SOCIETY-BUNCOMBE CO ANIMAL SHELTER,FISH,1,1,0,0,,
2023,66,BUNCOMBE,ASHEVILLE HUMANE SOCIETY-BUNCOMBE CO ANIMAL SHELTER,FOX,1,0,0,1,,
2023,66,BUNCOMBE,ASHEVILLE HUMANE SOCIETY-BUNCOMBE CO ANIMAL SHELTER,GECKO,1,0,1,0,,
2023,66,BUNCOMBE,ASHEVILLE HUMANE SOCIETY-BUNCOMBE CO ANIMAL SHELTER,GOAT,15,12,0,0,,
2023,66,BUNCOMBE,ASHEVILLE HUMANE SOCIETY-BUNCOMBE CO ANIMAL SHELTER,GROUNDHOG,5,0,0,5,,
2023,66,BUNCOMBE,ASHEVILLE HUMANE SOCIETY-BUNCOMBE CO ANIMAL SHELTER,GUINEA PIG,21,22,0,0,,
2023,66,BUNCOMBE,ASHEVILLE HUMANE SOCIETY-BUNCOMBE CO ANIMAL SHELTER,HAMSTER,0,1,0,0,,
2023,66,BUNCOMBE,ASHEVILLE HUMANE SOCIETY-BUNCOMBE CO ANIMAL SHELTER,HEDGEHOG,1,1,0,0,,
2023,66,BUNCOMBE,ASHEVILLE HUMANE SOCIETY-BUNCOMBE CO ANIMAL SHELTER,HORSE,0,1,0,0,,
2023,66,BUNCOMBE,ASHEVILLE HUMANE SOCIETY-BUNCOMBE CO ANIMAL SHELTER,LOVEBIRD,1,1,0,0,,
2023,66,BUNCOMBE,ASHEVILLE HUMANE SOCIETY-BUNCOMBE CO ANIMAL SHELTER,OPOSSUM,4,3,0,0,,
2023,66,BUNCOMBE,ASHEVILLE HUMANE SOCIETY-BUNCOMBE CO ANIMAL SHELTER,PARAKEET,1,1,0,0,,
2023,66,BUNCOMBE,ASHEVILLE HUMANE SOCIETY-BUNCOMBE CO ANIMAL SHELTER,PIG,9,4,0,0,,
2023,66,BUNCOMBE,ASHEVILLE HUMANE SOCIETY-BUNCOMBE CO ANIMAL SHELTER,QUAIL,1,0,0,0,,
2023,66,BUNCOMBE,ASHEVILLE HUMANE SOCIETY-BUNCOMBE CO ANIMAL SHELTER,RABBIT (DOMESTIC),50,60,0,4,,
2023,66,BUNCOMBE,ASHEVILLE HUMANE SOCIETY-BUNCOMBE CO ANIMAL SHELTER,RABBIT (UNSPECIFIED),5,3,0,2,,
2023,66,BUNCOMBE,ASHEVILLE HUMANE SOCIETY-BUNCOMBE CO ANIMAL SHELTER,RACCOON,23,0,0,23,,
2023,66,BUNCOMBE,ASHEVILLE HUMANE SOCIETY-BUNCOMBE CO ANIMAL SHELTER,RAT,8,6,0,1,,
2023,66,BUNCOMBE,ASHEVILLE HUMANE SOCIETY-BUNCOMBE CO ANIMAL SHELTER,BALL PYTHON,1,0,1,0,,
2023,66,BUNCOMBE,BUNCOMBE CO ANIMAL SHELTER,SNAKE (UNSPECIFIED),3,0,2,1,,
2023,66,BUNCOMBE,BUNCOMBE CO ANIMAL SHELTER,TORTOISE,1,0,0,0,,
2023,66,BUNCOMBE,BUNCOMBE CO ANIMAL SHELTER,TURTLE,3,0,1,0,,
2023,66,BUNCOMBE,BUNCOMBE CO ANIMAL SHELTER,,,,,,"$2,258,236.00",$521.41
2023,54,BURKE,BURKE COUNTY ANIMAL SERVICES,DOG,905,500,161,155,,
2023,54,BURKE,BURKE COUNTY ANIMAL SERVICES,CAT,1036,624,30,291,,
2023,54,BURKE,BURKE COUNTY ANIMAL SERVICES,RABBIT,1,0,0,1,,
2023,54,BURKE,BURKE COUNTY ANIMAL SERVICES,HORSE,52,52,0,0,,
2023,54,BURKE,BURKE COUNTY ANIMAL SERVICES,PIG,1,0,0,1,,
2023,54,BURKE,BURKE COUNTY ANIMAL SERVICES,CHICKEN,49,0,0,49,,
2023,54,BURKE,BURKE COUNTY ANIMAL SERVICES,,,,,,"$700,942.17",$342.93
2023,161,CABARRUS,CABARRUS COUNTY ANIMAL SHELTER,DOG,1613,703,582,359,,
2023,161,CABARRUS,CABARRUS COUNTY ANIMAL SHELTER,CAT,1458,789,30,634,,
2023,161,CABARRUS,CABARRUS COUNTY ANIMAL SHELTER,RABBIT,1,1,0,0,,
2023,161,CABARRUS,CABARRUS COUNTY ANIMAL SHELTER,SNAKE,3,2,1,0,,
2023,161,CABARRUS,CABARRUS COUNTY ANIMAL SHELTER,GECKO,1,1,0,0,,
2023,161,CABARRUS,CABARRUS COUNTY ANIMAL SHELTER,RAT,1,1,0,0,,
2023,161,CABARRUS,CABARRUS COUNTY ANIMAL SHELTER,FERRET,1,0,0,1,,
2023,161,CABARRUS,CABARRUS COUNTY ANIMAL SHELTER,,,,,,"$205,852.00",$66.87
2023,433,CALDWELL,CALDWELL CO. ANIMAL CARE ENFORCEMENT,DOG,807,256,120,348,,
2023,433,CALDWELL,CALDWELL CO. ANIMAL CARE ENFORCEMENT,CAT,762,262,10,312,,
2023,433,CALDWELL,CALDWELL CO. ANIMAL CARE ENFORCEMENT,RABBIT,9,9,0,0,,
2023,433,CALDWELL,CALDWELL CO. ANIMAL CARE ENFORCEMENT,PIG,5,4,0,0,,
2023,433,CALDWELL,CALDWELL CO. ANIMAL CARE ENFORCEMENT,SHEEP,2,0,0,0,,
2023,433,CALDWELL,CALDWELL CO. ANIMAL CARE ENFORCEMENT,BAT,2,0,0,1,,
2023,433,CALDWELL,CALDWELL CO. ANIMAL CARE ENFORCEMENT,HORSE,5,0,5,0,,
2023,433,CALDWELL,CALDWELL CO. ANIMAL CARE ENFORCEMENT,,,,,,"$1,300,000.00",$821.74
2023,67,CASWELL,ANIMAL PROTECTION SOCIETY OF CASWELL COUNTY,DOG,440,416,43,44,,
2023,67,CASWELL,ANIMAL PROTECTION SOCIETY OF CASWELL COUNTY,CAT,445,337,1,130,,
2023,67,CASWELL,ANIMAL PROTECTION SOCIETY OF CASWELL COUNTY,SONG BIRD,1,0,0,1,,
2023,67,CASWELL,ANIMAL PROTECTION SOCIETY OF CASWELL COUNTY,LIZARD,1,0,0,0,,
2023,67,CASWELL,ANIMAL PROTECTION SOCIETY OF CASWELL COUNTY,,,,,,"$140,000.00",$157.80
2023,377,CHATHAM,CHATHAM COUNTY SHERIFF'S OFFICE CHATHAM COUNTY SHERIFF'S OFFICE ANIMAL RESOURCE CENTER,DOG,791,386,183,205,,
2023,377,CHATHAM,CHATHAM COUNTY SHERIFF'S OFFICE ANIMAL RESOURCE CENTER,CAT,565,366,14,173,,
2023,377,CHATHAM,CHATHAM COUNTY SHERIFF'S OFFICE ANIMAL RESOURCE CENTER,RABBIT,9,8,1,0,,
2023,377,CHATHAM,CHATHAM COUNTY SHERIFF'S OFFICE ANIMAL RESOURCE CENTER,RACCOON,11,0,0,11,,
2023,377,CHATHAM,CHATHAM COUNTY SHERIFF'S OFFICE ANIMAL RESOURCE CENTER,OPOSSUM,1,0,0,1,,
2023,377,CHATHAM,CHATHAM COUNTY SHERIFF'S OFFICE ANIMAL RESOURCE CENTER,BAT,16,0,0,16,,
2023,377,CHATHAM,CHATHAM COUNTY SHERIFF'S OFFICE ANIMAL RESOURCE CENTER,SKUNK,2,0,0,2,,
2023,377,CHATHAM,CHATHAM COUNTY SHERIFF'S OFFICE ANIMAL RESOURCE CENTER,DEER,1,0,0,1,,
2023,377,CHATHAM,CHATHAM COUNTY SHERIFF'S OFFICE ANIMAL RESOURCE CENTER,COYOTE,1,0,0,1,,
2023,377,CHATHAM,CHATHAM COUNTY SHERIFF'S OFFICE ANIMAL RESOURCE CENTER,CHICKEN,4,1,0,3,,
2023,377,CHATHAM,CHATHAM COUNTY SHERIFF'S OFFICE ANIMAL RESOURCE CENTER,PIGEON,1,0,1,0,,
2023,377,CHATHAM,CHATHAM COUNTY SHERIFF'S OFFICE ANIMAL RESOURCE CENTER,PARAKEET,1,0,0,0,,
2023,377,CHATHAM,CHATHAM COUNTY SHERIFF'S OFFICE ANIMAL RESOURCE CENTER,GOAT,4,0,4,0,,
2023,377,CHATHAM,CHATHAM COUNTY SHERIFF'S OFFICE ANIMAL RESOURCE CENTER,DONKEY,1,0,1,0,,
2023,377,CHATHAM,CHATHAM COUNTY SHERIFF'S OFFICE ANIMAL RESOURCE CENTER,PIG,5,4,1,0,,
2023,377,CHATHAM,CHATHAM COUNTY SHERIFF'S OFFICE ANIMAL RESOURCE CENTER,GUINEA PIG,7,7,0,0,,
2023,377,CHATHAM,CHATHAM COUNTY SHERIFF'S OFFICE ANIMAL RESOURCE CENTER,TORTOISE,2,2,0,0,,
2023,377,CHATHAM,CHATHAM COUNTY SHERIFF'S OFFICE ANIMAL RESOURCE CENTER,RAT,1,1,0,0,,
2023,377,CHATHAM,CHATHAM COUNTY SHERIFF'S OFFICE ANIMAL RESOURCE CENTER,FOX,3,0,0,1,,
2023,377,CHATHAM,CHATHAM COUNTY SHERIFF'S OFFICE ANIMAL RESOURCE CENTER,,,,,,"$1,770,743.00","$1,241.00"
2023,35,CHOWAN,TRI-COUNTY ANIMAL SHELTER,DOG,526,246,76,271,,
2023,35,CHOWAN,TRI-COUNTY ANIMAL SHELTER,CAT,841,406,3,314,,
2023,35,CHOWAN,TRI-COUNTY ANIMAL SHELTER,RABBIT,4,4,0,0,,
2023,35,CHOWAN,TRI-COUNTY ANIMAL SHELTER,,,,,,"$267,125.11",$194.83
2023,75,CLEVELAND,CLEVELAND COUNTY ANIMAL SHELTER,DOG,722,558,83,118,,
2023,75,CLEVELAND,CLEVELAND COUNTY ANIMAL SHELTER,CAT,421,339,4,127,,
2023,75,CLEVELAND,CLEVELAND COUNTY ANIMAL SHELTER,RACCOON,10,0,0,10,,
2023,75,CLEVELAND,CLEVELAND COUNTY ANIMAL SHELTER,SKUNK,1,0,0,1,,
2023,75,CLEVELAND,CLEVELAND COUNTY ANIMAL SHELTER,BAT,6,0,0,6,,
2023,75,CLEVELAND,CLEVELAND COUNTY ANIMAL SHELTER,PIG,3,2,0,0,,
2023,75,CLEVELAND,CLEVELAND COUNTY ANIMAL SHELTER,GOAT,1,0,1,0,,
2023,75,CLEVELAND,CLEVELAND COUNTY ANIMAL SHELTER,EMU,1,1,0,0,,
2023,75,CLEVELAND,CLEVELAND COUNTY ANIMAL SHELTER,OWL,1,1,0,0,,
2023,75,CLEVELAND,CLEVELAND COUNTY ANIMAL SHELTER,RABBIT,2,2,0,0,,
2023,75,CLEVELAND,CLEVELAND COUNTY ANIMAL SHELTER,,,,,,"$540,855.00",$463.06
2023,2,COLUMBUS,COLUMBUS COUNTY ANIMAL SHELTER,DOG,1310,378,66,866,,
2023,2,COLUMBUS,COLUMBUS COUNTY ANIMAL SHELTER,CAT,848,73,12,763,,
2023,2,COLUMBUS,COLUMBUS COUNTY ANIMAL SHELTER,RABBIT,1,1,0,0,,
2023,2,COLUMBUS,COLUMBUS COUNTY ANIMAL SHELTER,HORSE,8,8,0,0,,
2023,2,COLUMBUS,COLUMBUS COUNTY ANIMAL SHELTER,BIRD,3,3,0,0,,
2023,2,COLUMBUS,COLUMBUS COUNTY ANIMAL SHELTER,,,,,,"$337,804.00",$155.67
2023,34,CRAVEN,CENTER CRAVEN-PAMLICO ANIMAL SERVICES,DOG,1503,864,247,402,,
2023,34,CRAVEN,CENTER CRAVEN-PAMLICO ANIMAL SERVICES,CAT,1950,751,172,989,,
2023,34,CRAVEN,CENTER CRAVEN-PAMLICO ANIMAL SERVICES,RABBIT,16,11,0,1,,
2023,34,CRAVEN,CENTER CRAVEN-PAMLICO ANIMAL SERVICES,BAT,2,0,0,0,,
2023,34,CRAVEN,CENTER CRAVEN-PAMLICO ANIMAL SERVICES,BIRD,18,18,0,0,,
2023,34,CRAVEN,CENTER CRAVEN-PAMLICO ANIMAL SERVICES,CHICKEN,21,20,0,1,,
2023,34,CRAVEN,CENTER CRAVEN-PAMLICO ANIMAL SERVICES,DUCK,5,5,0,0,,
2023,34,CRAVEN,CENTER CRAVEN-PAMLICO ANIMAL SERVICES,FOX,1,0,0,1,,
2023,34,CRAVEN,CENTER CRAVEN-PAMLICO ANIMAL SERVICES,GOAT,4,1,3,0,,
2023,34,CRAVEN,CENTER CRAVEN-PAMLICO ANIMAL SERVICES,GOOSE,2,2,0,0,,
2023,34,CRAVEN,CENTER CRAVEN-PAMLICO ANIMAL SERVICES,GUINEA PIG,22,20,0,0,,
2023,34,CRAVEN,CENTER CRAVEN-PAMLICO ANIMAL SERVICES,IGUANA,1,1,0,0,,
2023,34,CRAVEN,CENTER CRAVEN-PAMLICO ANIMAL SERVICES,MOUSE,1,0,0,1,,
2023,34,CRAVEN,CENTER CRAVEN-PAMLICO ANIMAL SERVICES,PIG,5,5,0,0,,
2023,34,CRAVEN,CENTER CRAVEN-PAMLICO ANIMAL SERVICES,SNAKE,0,1,0,0,,
2023,34,CRAVEN,CENTER CRAVEN-PAMLICO ANIMAL SERVICES,,,,,,"$891,057.00",$250.93
2023,91,CRAVEN,HAVELOCK ANIMAL CONTROL,DOG,242,111,114,17,,
2023,91,CRAVEN,HAVELOCK ANIMAL CONTROL,CAT,248,174,29,45,,
2023,91,CRAVEN,HAVELOCK ANIMAL CONTROL,RABBIT,1,0,1,0,,
2023,91,CRAVEN,HAVELOCK ANIMAL CONTROL,FERRET,2,1,1,0,,
2023,91,CRAVEN,HAVELOCK ANIMAL CONTROL,,,,,,"$104,937.03",$212.85
2023,14,CUMBERLAND,CUMBERLAND COUNTY ANIMAL SERVICES,DOG,3976,1889,510,594,,
2023,14,CUMBERLAND,CUMBERLAND COUNTY ANIMAL SERVICES,CAT,3026,1664,46,860,,
2023,14,CUMBERLAND,CUMBERLAND COUNTY ANIMAL SERVICES,RABBIT,76,56,0,4,,
2023,14,CUMBERLAND,CUMBERLAND COUNTY ANIMAL SERVICES,BAT,35,0,0,23,,
2023,14,CUMBERLAND,CUMBERLAND COUNTY ANIMAL SERVICES,COYOTE,1,0,0,1,,
2023,14,CUMBERLAND,CUMBERLAND COUNTY ANIMAL SERVICES,DEER,2,0,0,2,,
2023,14,CUMBERLAND,CUMBERLAND COUNTY ANIMAL SERVICES,EQUINE,10,8,2,0,,
2023,14,CUMBERLAND,CUMBERLAND COUNTY ANIMAL SERVICES,FERRET,6,6,0,0,,
2023,14,CUMBERLAND,CUMBERLAND COUNTY ANIMAL SERVICES,FOWL,12,9,0,1,,
2023,14,CUMBERLAND,CUMBERLAND COUNTY ANIMAL SERVICES,FOX,1,0,0,1,,
2023,14,CUMBERLAND,CUMBERLAND COUNTY ANIMAL SERVICES,GOAT,8,2,2,0,,
2023,14,CUMBERLAND,CUMBERLAND COUNTY ANIMAL SERVICES,OPOSSUM,16,0,0,6,,
2023,14,CUMBERLAND,CUMBERLAND COUNTY ANIMAL SERVICES,PET BIRD,9,7,0,2,,
2023,14,CUMBERLAND,CUMBERLAND COUNTY ANIMAL SERVICES,RACCOON,11,0,0,7,,
2023,14,CUMBERLAND,CUMBERLAND COUNTY ANIMAL SERVICES,REPTILE,6,3,0,0,,
2023,14,CUMBERLAND,CUMBERLAND COUNTY ANIMAL SERVICES,RODENT,84,72,0,4,,
2023,14,CUMBERLAND,CUMBERLAND COUNTY ANIMAL SERVICES,SWINE,2,2,0,0,,
2023,14,CUMBERLAND,CUMBERLAND COUNTY ANIMAL SERVICES,WILD BIRD,35,0,1,8,,
2023,14,CUMBERLAND,CUMBERLAND COUNTY ANIMAL SERVICES,,,,,,"$3,921,984.00",$536.00
2023,155,CURRITUCK,CURRITUCK ANIMAL SERVICES & CONTROL,DOG,397,243,126,13,,
2023,155,CURRITUCK,CURRITUCK ANIMAL SERVICES & CONTROL,CAT,719,450,30,143,,
2023,155,CURRITUCK,CURRITUCK ANIMAL SERVICES & CONTROL,RABBIT,12,0,0,0,,
2023,155,CURRITUCK,CURRITUCK ANIMAL SERVICES & CONTROL,FERRET,3,3,0,0,,
2023,155,CURRITUCK,CURRITUCK ANIMAL SERVICES & CONTROL,GUINEA PIG,34,32,0,0,,
2023,155,CURRITUCK,CURRITUCK ANIMAL SERVICES & CONTROL,HAMSTER,5,5,0,0,,
2023,155,CURRITUCK,CURRITUCK ANIMAL SERVICES & CONTROL,PIG,3,3,0,0,,
2023,155,CURRITUCK,CURRITUCK ANIMAL SERVICES & CONTROL,RAT,1,1,0,0,,
2023,155,CURRITUCK,CURRITUCK ANIMAL SERVICES & CONTROL,,,,,,"$899,725.00",$766.37
2023,155,CURRITUCK,CURRITUCK ANIMAL SERVICES & CONTROL,DOG,435,274,134,34,,
2023,155,CURRITUCK,CURRITUCK ANIMAL SERVICES & CONTROL,CAT,775,565,147,96,,
2023,155,CURRITUCK,CURRITUCK ANIMAL SERVICES & CONTROL,RABBIT,6,2,0,1,,
2023,155,CURRITUCK,CURRITUCK ANIMAL SERVICES & CONTROL,RACCOON,13,0,0,11,,
2023,155,CURRITUCK,CURRITUCK ANIMAL SERVICES & CONTROL,OPOSSUM,6,0,0,3,,
2023,155,CURRITUCK,CURRITUCK ANIMAL SERVICES & CONTROL,,,,,,"$551,300.00",$446.42
2023,153,DAVIDSON,DAVIDSON COUNTY ANIMAL SHELTER,DOG,1777,759,346,672,,
2023,153,DAVIDSON,DAVIDSON COUNTY ANIMAL SHELTER,CAT,1569,580,22,967,,
2023,153,DAVIDSON,DAVIDSON COUNTY ANIMAL SHELTER,,,,,,"$675,500.00",$201.88
2023,62,DAVIE,DAVIE COUNTY ANIMAL SHELTER,DOG,421,199,114,157,,
2023,62,DAVIE,DAVIE COUNTY ANIMAL SHELTER,CAT,434,273,8,154,,
2023,62,DAVIE,DAVIE COUNTY ANIMAL SHELTER,RABBIT,2,2,0,0,,
2023,62,DAVIE,DAVIE COUNTY ANIMAL SHELTER,RACCOON,3,2,0,1,,
2023,62,DAVIE,DAVIE COUNTY ANIMAL SHELTER,CHICKEN,1,1,0,0,,
2023,62,DAVIE,DAVIE COUNTY ANIMAL SHELTER,PARAKEET,1,1,0,0,,
2023,62,DAVIE,DAVIE COUNTY ANIMAL SHELTER,HORSE,10,7,2,0,,
2023,62,DAVIE,DAVIE COUNTY ANIMAL SHELTER,PONY,1,1,0,0,,
2023,62,DAVIE,DAVIE COUNTY ANIMAL SHELTER,,,,,,"$495,667.00",$567.78
2023,7,DURHAM,DURHAM COUNTY ANIMAL SHELTER,DOG,2589,1301,457,780,,
2023,7,DURHAM,DURHAM COUNTY ANIMAL SHELTER,CAT,1997,1190,29,706,,
2023,7,DURHAM,DURHAM COUNTY ANIMAL SHELTER,RABBIT,44,29,1,7,,
2023,7,DURHAM,DURHAM COUNTY ANIMAL SHELTER,RACCOON,26,1,0,23,,
2023,7,DURHAM,DURHAM COUNTY ANIMAL SHELTER,OPOSSUM,7,0,0,3,,
2023,7,DURHAM,DURHAM COUNTY ANIMAL SHELTER,BAT,22,0,0,22,,
2023,7,DURHAM,DURHAM COUNTY ANIMAL SHELTER,BIRD,41,20,1,13,,
2023,7,DURHAM,DURHAM COUNTY ANIMAL SHELTER,DEER,3,0,0,2,,
2023,7,DURHAM,DURHAM COUNTY ANIMAL SHELTER,FERRET,3,3,0,0,,
2023,7,DURHAM,DURHAM COUNTY ANIMAL SHELTER,FISH,92,81,0,1,,
2023,7,DURHAM,DURHAM COUNTY ANIMAL SHELTER,FOX,1,0,0,1,,
2023,7,DURHAM,DURHAM COUNTY ANIMAL SHELTER,LIVESTOCK,6,2,2,1,,
2023,7,DURHAM,DURHAM COUNTY ANIMAL SHELTER,REPTILE,5,4,2,0,,
2023,7,DURHAM,DURHAM COUNTY ANIMAL SHELTER,RODENT,95,72,0,12,,
2023,7,DURHAM,DURHAM COUNTY ANIMAL SHELTER,SKUNK,1,0,0,1,,
2023,7,DURHAM,DURHAM COUNTY ANIMAL SHELTER,,,,,,"$1,256,681.00",$254.80
2023,86,EDGECOMBE,EDGECOMBE COUNTY ANIMAL SHELTER,DOG,573,361,85,133,,
2023,86,EDGECOMBE,EDGECOMBE COUNTY ANIMAL SHELTER,CAT,582,271,6,301,,
2023,86,EDGECOMBE,EDGECOMBE COUNTY ANIMAL SHELTER,,,,,,$0.00,$0.00
2023,27,EDGECOMBE,"TARBORO ANIMAL SHELTER, TOWN OF",DOG,150,60,23,67,,
2023,27,EDGECOMBE,"TARBORO ANIMAL SHELTER, TOWN OF",CAT,114,8,2,92,,
2023,27,EDGECOMBE,"TARBORO ANIMAL SHELTER, TOWN OF",,,,,,"$97,378.56",$368.85
2023,435,FORSYTH,FORSYTH COUNTY ANIMAL SHELTER,DOG,1890,1084,461,806,,
2023,435,FORSYTH,FORSYTH COUNTY ANIMAL SHELTER,CAT,879,597,41,282,,
2023,435,FORSYTH,FORSYTH COUNTY ANIMAL SHELTER,DOMESTIC RABBIT,23,22,0,2,,
2023,435,FORSYTH,FORSYTH COUNTY ANIMAL SHELTER,FERRET,1,1,0,0,,
2023,435,FORSYTH,FORSYTH COUNTY ANIMAL SHELTER,GUINEA PIG,10,10,0,0,,
2023,435,FORSYTH,FORSYTH COUNTY ANIMAL SHELTER,CHICKEN,13,13,0,0,,
2023,435,FORSYTH,FORSYTH COUNTY ANIMAL SHELTER,DUCK,4,4,0,0,,
2023,435,FORSYTH,FORSYTH COUNTY ANIMAL SHELTER,GOAT,3,3,0,0,,
2023,435,FORSYTH,FORSYTH COUNTY ANIMAL SHELTER,PIG,7,7,0,0,,
2023,435,FORSYTH,FORSYTH COUNTY ANIMAL SHELTER,SHEEP,1,1,0,0,,
2023,435,FORSYTH,FORSYTH COUNTY ANIMAL SHELTER,,,,,,"$235,474.00",$83.86
2023,1,FRANKLIN,FRANKLIN COUNTY ANIMAL SHELTER,DOG,1000,538,258,222,,
2023,1,FRANKLIN,FRANKLIN COUNTY ANIMAL SHELTER,CAT,1392,412,498,475,,
2023,1,FRANKLIN,FRANKLIN COUNTY ANIMAL SHELTER,RACCOON,6,0,0,3,,
2023,1,FRANKLIN,FRANKLIN COUNTY ANIMAL SHELTER,OPOSSUM,1,0,0,1,,
2023,1,FRANKLIN,FRANKLIN COUNTY ANIMAL SHELTER,BAT,15,0,0,11,,
2023,1,FRANKLIN,FRANKLIN COUNTY ANIMAL SHELTER,CHICKEN,6,6,0,0,,
2023,1,FRANKLIN,FRANKLIN COUNTY ANIMAL SHELTER,GOAT,2,2,0,0,,
2023,1,FRANKLIN,FRANKLIN COUNTY ANIMAL SHELTER,HORSE,2,2,0,0,,
2023,1,FRANKLIN,FRANKLIN COUNTY ANIMAL SHELTER,PIG,1,1,0,0,,
2023,1,FRANKLIN,FRANKLIN COUNTY ANIMAL SHELTER,SKUNK,2,0,0,1,,
2023,1,FRANKLIN,FRANKLIN COUNTY ANIMAL SHELTER,,,,,,"$1,179,168.00",$485.00
2023,398,GASTON,GASTON COUNTY ANIMAL CARE & ENFORCEMENT,DOG,1663,1154,327,150,,
2023,398,GASTON,GASTON COUNTY ANIMAL CARE & ENFORCEMENT,CAT,1375,1157,13,162,,
2023,398,GASTON,GASTON COUNTY ANIMAL CARE & ENFORCEMENT,RABBIT,4,3,0,1,,
2023,398,GASTON,GASTON COUNTY ANIMAL CARE & ENFORCEMENT,RACCOON,33,1,0,32,,
2023,398,GASTON,GASTON COUNTY ANIMAL CARE & ENFORCEMENT,OPOSSUM,2,0,0,2,,
2023,398,GASTON,GASTON COUNTY ANIMAL CARE & ENFORCEMENT,FOX,2,0,0,2,,
2023,398,GASTON,GASTON COUNTY ANIMAL CARE & ENFORCEMENT,DEER,2,0,0,2,,
2023,398,GASTON,GASTON COUNTY ANIMAL CARE & ENFORCEMENT,COYOTE,1,0,0,1,,
2023,398,GASTON,GASTON COUNTY ANIMAL CARE & ENFORCEMENT,SQUIRREL,1,0,0,1,,
2023,398,GASTON,GASTON COUNTY ANIMAL CARE & ENFORCEMENT,HAWK,1,1,0,0,,
2023,398,GASTON,GASTON COUNTY ANIMAL CARE & ENFORCEMENT,BAT,11,0,0,11,,
2023,398,GASTON,GASTON COUNTY ANIMAL CARE & ENFORCEMENT,,,,,,"$3,080,010.00",$190.00
2023,404,GRANVILLE,GRANVILLE COUNTY ANIMAL SHELTER,DOG,852,428,171,197,,
2023,404,GRANVILLE,GRANVILLE COUNTY ANIMAL SHELTER,CAT,1182,583,13,56,,
2023,404,GRANVILLE,GRANVILLE COUNTY ANIMAL SHELTER,RABBIT,24,24,0,0,,
2023,404,GRANVILLE,GRANVILLE COUNTY ANIMAL SHELTER,RACCOON,3,0,0,2,,
2023,404,GRANVILLE,GRANVILLE COUNTY ANIMAL SHELTER,OPOSSUM,1,0,0,1,,
2023,404,GRANVILLE,GRANVILLE COUNTY ANIMAL SHELTER,BAT,1,0,0,0,,
2023,404,GRANVILLE,GRANVILLE COUNTY ANIMAL SHELTER,BIRD,1,0,1,0,,
2023,404,GRANVILLE,GRANVILLE COUNTY ANIMAL SHELTER,FERRET,1,0,1,0,,
2023,404,GRANVILLE,GRANVILLE COUNTY ANIMAL SHELTER,SKUNK,4,0,0,2,,
2023,404,GRANVILLE,GRANVILLE COUNTY ANIMAL SHELTER,CHICKEN,5,4,1,0,,
2023,404,GRANVILLE,GRANVILLE COUNTY ANIMAL SHELTER,DUCK,6,6,0,0,,
2023,404,GRANVILLE,GRANVILLE COUNTY ANIMAL SHELTER,GERBIL,2,2,0,0,,
2023,404,GRANVILLE,GRANVILLE COUNTY ANIMAL SHELTER,GOAT,5,5,0,0,,
2023,404,GRANVILLE,GRANVILLE COUNTY ANIMAL SHELTER,GUINEA PIG,5,5,0,0,,
2023,404,GRANVILLE,GRANVILLE COUNTY ANIMAL SHELTER,HAMSTER,1,1,0,0,,
2023,404,GRANVILLE,GRANVILLE COUNTY ANIMAL SHELTER,PIG,4,3,1,0,,
2023,404,GRANVILLE,GRANVILLE COUNTY ANIMAL SHELTER,TURKEY,1,1,0,0,,
2023,404,GRANVILLE,GRANVILLE COUNTY ANIMAL SHELTER,,,,,,"$858,532.00",$409.21
2023,421,GUILFORD,GUILFORD COUNTY ANIMAL RESOURCE CENTER,DOG,5109,2384,763,926,,
2023,421,GUILFORD,GUILFORD COUNTY ANIMAL RESOURCE CENTER,CAT,2732,1908,55,259,,
2023,421,GUILFORD,GUILFORD COUNTY ANIMAL RESOURCE CENTER,RABBIT,44,32,0,4,,
2023,421,GUILFORD,GUILFORD COUNTY ANIMAL RESOURCE CENTER,REPTILE,17,13,4,0,,
2023,421,GUILFORD,GUILFORD COUNTY ANIMAL RESOURCE CENTER,BIRD,64,53,0,11,,
2023,421,GUILFORD,GUILFORD COUNTY ANIMAL RESOURCE CENTER,FARM ANIMALS,15,15,0,0,,
2023,421,GUILFORD,GUILFORD COUNTY ANIMAL RESOURCE CENTER,,,,,,"$1,327,730.00",$168.38
2023,96,HARNETT,"DUNN ANIMAL CONTROL FACILITY, CITY OF",DOG,173,92,26,20,,
2023,96,HARNETT,"DUNN ANIMAL CONTROL FACILITY, CITY OF",CAT,277,232,0,46,,
2023,96,HARNETT,"DUNN ANIMAL CONTROL FACILITY, CITY OF",,,,,,$0.00,$0.00
2023,44,HARNETT,HARNETT COUNTY ANIMAL SERVICES,DOG,1049,713,101,235,,
2023,44,HARNETT,HARNETT COUNTY ANIMAL SERVICES,CAT,1142,804,27,311,,
2023,44,HARNETT,HARNETT COUNTY ANIMAL SERVICES,RABBIT,12,11,0,1,,
2023,44,HARNETT,HARNETT COUNTY ANIMAL SERVICES,RACCOON,7,0,0,7,,
2023,44,HARNETT,HARNETT COUNTY ANIMAL SERVICES,OPOSSUM,7,0,0,7,,
2023,44,HARNETT,HARNETT COUNTY ANIMAL SERVICES,CHICKEN,39,3,36,0,,
2023,44,HARNETT,HARNETT COUNTY ANIMAL SERVICES,BAT,4,0,0,4,,
2023,44,HARNETT,HARNETT COUNTY ANIMAL SERVICES,COYOTE,1,0,0,1,,
2023,44,HARNETT,HARNETT COUNTY ANIMAL SERVICES,DEER,4,0,0,4,,
2023,44,HARNETT,HARNETT COUNTY ANIMAL SERVICES,DUCK,4,4,0,4,,
2023,44,HARNETT,HARNETT COUNTY ANIMAL SERVICES,FOX,12,0,0,12,,
2023,44,HARNETT,HARNETT COUNTY ANIMAL SERVICES,GOAT,4,4,0,0,,
2023,44,HARNETT,HARNETT COUNTY ANIMAL SERVICES,GOOSE,1,1,0,0,,
2023,44,HARNETT,HARNETT COUNTY ANIMAL SERVICES,GUINEA PIG,2,2,0,0,,
2023,44,HARNETT,HARNETT COUNTY ANIMAL SERVICES,HAMSTER,4,4,0,0,,
2023,44,HARNETT,HARNETT COUNTY ANIMAL SERVICES,HAWK,1,0,0,1,,
2023,44,HARNETT,HARNETT COUNTY ANIMAL SERVICES,HORSE,1,0,0,1,,
2023,44,HARNETT,HARNETT COUNTY ANIMAL SERVICES,PIG,5,4,0,1,,
2023,44,HARNETT,HARNETT COUNTY ANIMAL SERVICES,PIGEON,6,0,0,6,,
2023,44,HARNETT,HARNETT COUNTY ANIMAL SERVICES,POTBELLY PIG,5,5,0,0,,
2023,44,HARNETT,HARNETT COUNTY ANIMAL SERVICES,SNAKE,5,5,0,0,,
2023,44,HARNETT,HARNETT COUNTY ANIMAL SERVICES,TURTLE,1,1,0,0,,
2023,44,HARNETT,HARNETT COUNTY ANIMAL SERVICES,,,,,,"$411,498.13",$177.68
2023,353,HAYWOOD,HAYWOOD COUNTY ANIMAL SERVICES,DOG,705,442,214,51,,
2023,353,HAYWOOD,HAYWOOD COUNTY ANIMAL SERVICES,CAT,781,682,17,45,,
2023,353,HAYWOOD,HAYWOOD COUNTY ANIMAL SERVICES,RABBIT,7,7,0,0,,
2023,353,HAYWOOD,HAYWOOD COUNTY ANIMAL SERVICES,BIRD,6,6,0,0,,
2023,353,HAYWOOD,HAYWOOD COUNTY ANIMAL SERVICES,GUINEA PIG,10,10,0,0,,
2023,353,HAYWOOD,HAYWOOD COUNTY ANIMAL SERVICES,RAT,2,2,0,0,,
2023,353,HAYWOOD,HAYWOOD COUNTY ANIMAL SERVICES,GERBIL,1,1,0,0,,
2023,353,HAYWOOD,HAYWOOD COUNTY ANIMAL SERVICES,LIVESTOCK,4,4,0,0,,
2023,353,HAYWOOD,HAYWOOD COUNTY ANIMAL SERVICES,,,,,,"$1,667,558.17","$1,099.97"
2023,437,JACKSON,JACKSON COUNTY ANIMAL RESCUE CENTER,DOG,546,98,85,39,,
2023,437,JACKSON,JACKSON COUNTY ANIMAL RESCUE CENTER,CAT,422,122,6,145,,
2023,437,JACKSON,JACKSON COUNTY ANIMAL RESCUE CENTER,,,,,,"$228,998.51",$236.56
2023,28,JOHNSTON,JOHNSTON COUNTY ANIMAL SERVICES,DOG,1695,606,374,739,,
2023,28,JOHNSTON,JOHNSTON COUNTY ANIMAL SERVICES,CAT,2396,366,58,1980,,
2023,28,JOHNSTON,JOHNSTON COUNTY ANIMAL SERVICES,RABBIT,7,3,1,3,,
2023,28,JOHNSTON,JOHNSTON COUNTY ANIMAL SERVICES,RACCOON,3,0,0,3,,
2023,28,JOHNSTON,JOHNSTON COUNTY ANIMAL SERVICES,OPOSSUM,2,0,0,2,,
2023,28,JOHNSTON,JOHNSTON COUNTY ANIMAL SERVICES,CHICKEN,19,18,0,1,,
2023,28,JOHNSTON,JOHNSTON COUNTY ANIMAL SERVICES,COCKATIEL,1,1,0,0,,
2023,28,JOHNSTON,JOHNSTON COUNTY ANIMAL SERVICES,FERRET,1,0,1,0,,
2023,28,JOHNSTON,JOHNSTON COUNTY ANIMAL SERVICES,FOX,1,0,0,1,,
2023,28,JOHNSTON,JOHNSTON COUNTY ANIMAL SERVICES,GOAT,3,1,2,0,,
2023,28,JOHNSTON,JOHNSTON COUNTY ANIMAL SERVICES,GUINEA PIG,1,1,0,0,,
2023,28,JOHNSTON,JOHNSTON COUNTY ANIMAL SERVICES,HAMSTER,1,1,0,0,,
2023,28,JOHNSTON,JOHNSTON COUNTY ANIMAL SERVICES,HORSE,2,1,0,1,,
2023,28,JOHNSTON,JOHNSTON COUNTY ANIMAL SERVICES,MULE,1,0,1,0,,
2023,28,JOHNSTON,JOHNSTON COUNTY ANIMAL SERVICES,PIG,2,2,0,0,,
2023,28,JOHNSTON,JOHNSTON COUNTY ANIMAL SERVICES,SHEEP,1,1,0,0,,
2023,28,JOHNSTON,JOHNSTON COUNTY ANIMAL SERVICES,TURKEY,2,2,0,0,,
2023,28,JOHNSTON,JOHNSTON COUNTY ANIMAL SERVICES,PIGEON,1,0,1,0,,
2023,28,JOHNSTON,JOHNSTON COUNTY ANIMAL SERVICES,REPTILE,1,1,0,0,,
2023,28,JOHNSTON,JOHNSTON COUNTY ANIMAL SERVICES,,,,,,"$1,075,881.00",$259.81
2023,97,JOHNSTON,"BENSON, TOWN OF",DOG,0,0,0,0,,
2023,97,JOHNSTON,"BENSON, TOWN OF",CAT,0,0,0,0,,
2023,97,JOHNSTON,"BENSON, TOWN OF",,,,,,$500.00,$0.00
2023,448,LENOIR,LENOIR COUNTY SPCA,DOG,851,361,80,168,,
2023,448,LENOIR,LENOIR COUNTY SPCA,CAT,523,231,2,213,,
2023,448,LENOIR,LENOIR COUNTY SPCA,RABBIT,1,1,0,0,,
2023,448,LENOIR,LENOIR COUNTY SPCA,CHICKEN,119,40,0,0,,
2023,448,LENOIR,LENOIR COUNTY SPCA,DUCK,2,2,0,0,,
2023,448,LENOIR,LENOIR COUNTY SPCA,GOAT,1,0,0,0,,
2023,448,LENOIR,LENOIR COUNTY SPCA,GUINEA PIG,3,3,0,0,,
2023,448,LENOIR,LENOIR COUNTY SPCA,HAMSTER,1,1,0,0,,
2023,448,LENOIR,LENOIR COUNTY SPCA,HERMIT CRAB,1,1,0,0,,
2023,448,LENOIR,LENOIR COUNTY SPCA,LIZARD,2,2,0,0,,
2023,448,LENOIR,LENOIR COUNTY SPCA,PIG,2,0,0,0,,
2023,448,LENOIR,LENOIR COUNTY SPCA,,,,,,"$39,947.89",$285.26
2023,76,LINCOLN,LINCOLN COUNTY ANIMAL SERVICES,DOG,777,605,147,26,,
2023,76,LINCOLN,LINCOLN COUNTY ANIMAL SERVICES,CAT,966,911,32,19,,
2023,76,LINCOLN,LINCOLN COUNTY ANIMAL SERVICES,RABBIT,4,4,0,0,,
2023,76,LINCOLN,LINCOLN COUNTY ANIMAL SERVICES,PIG,2,2,0,0,,
2023,76,LINCOLN,LINCOLN COUNTY ANIMAL SERVICES,BAT,5,0,0,5,,
2023,76,LINCOLN,LINCOLN COUNTY ANIMAL SERVICES,PARAKEET,1,1,0,0,,
2023,76,LINCOLN,LINCOLN COUNTY ANIMAL SERVICES,RAT,2,2,0,0,,
2023,76,LINCOLN,LINCOLN COUNTY ANIMAL SERVICES,GUINEA PIG,2,1,0,1,,
2023,76,LINCOLN,LINCOLN COUNTY ANIMAL SERVICES,DOVE,1,1,0,0,,
2023,76,LINCOLN,LINCOLN COUNTY ANIMAL SERVICES,CHICKEN,1,1,0,0,,
2023,76,LINCOLN,LINCOLN COUNTY ANIMAL SERVICES,,,,,,"$483,775.00",$276.76
2023,121,MACON,MACON COUNTY ANIMAL SHELTER,DOG,753,162,200,29,,
2023,121,MACON,MACON COUNTY ANIMAL SHELTER,CAT,632,21317,51,,,
2023,121,MACON,MACON COUNTY ANIMAL SHELTER,RACCOON,1,0,0,1,,
2023,121,MACON,MACON COUNTY ANIMAL SHELTER,OPOSSUM,1,0,0,1,,
2023,121,MACON,MACON COUNTY ANIMAL SHELTER,SKUNK,1,0,0,1,,
2023,121,MACON,MACON COUNTY ANIMAL SHELTER,BAT,4,0,0,4,,
2023,121,MACON,MACON COUNTY ANIMAL SHELTER,BOBCAT,1,0,0,1,,
2023,121,MACON,MACON COUNTY ANIMAL SHELTER,BIRD,2,1,0,1,,
2023,121,MACON,MACON COUNTY ANIMAL SHELTER,,,,,,"$408,708.00",$292.98
2023,113,MADISON,MADISON COUNTY ANIMAL SERVICES,DOG,308,207,41,26,,
2023,113,MADISON,MADISON COUNTY ANIMAL SERVICES,CAT,277,208,10,14,,
2023,113,MADISON,MADISON COUNTY ANIMAL SERVICES,RACCOON,1,0,0,1,,
2023,113,MADISON,MADISON COUNTY ANIMAL SERVICES,PIG,2,2,0,0,,
2023,113,MADISON,MADISON COUNTY ANIMAL SERVICES,,,,,,"$325,805.00",$555.03
2023,147,MARTIN,MARTIN COUNTY SHERIFF'S OFFICE ANIMAL SHELTER,DOG,236,74,31,127,,
2023,147,MARTIN,MARTIN COUNTY SHERIFF'S OFFICE ANIMAL SHELTER,CAT,178,35,8,137,,
2023,147,MARTIN,MARTIN COUNTY SHERIFF'S OFFICE ANIMAL SHELTER,,,,,,"$221,627.18",$535.33
2023,88,MCDOWELL,MCDOWELL COUNTY ANIMAL CONTROL,DOG,553,112,126,66,,
2023,88,MCDOWELL,MCDOWELL COUNTY ANIMAL CONTROL,CAT,494,336,1,36,,
2023,88,MCDOWELL,MCDOWELL COUNTY ANIMAL CONTROL,,,,,,"$273,014.72",$100.00
2023,68,MECKLENBURG,CHARLOTTE-MECKLENBURG ANIMAL CARE & CONTROL,CAT,3145,2188,92,437,,
2023,68,MECKLENBURG,CHARLOTTE-MECKLENBURG ANIMAL CARE & CONTROL,DOG,5668,2536,1235,1025,,
2023,68,MECKLENBURG,CHARLOTTE-MECKLENBURG ANIMAL CARE & CONTROL,COCKATIEL,1,0,0,0,,
2023,68,MECKLENBURG,CHARLOTTE-MECKLENBURG ANIMAL CARE & CONTROL,CONURE,2,1,0,0,,
2023,68,MECKLENBURG,CHARLOTTE-MECKLENBURG ANIMAL CARE & CONTROL,FINCH,11,0,0,3,,
2023,68,MECKLENBURG,CHARLOTTE-MECKLENBURG ANIMAL CARE & CONTROL,PARAKEET,4,0,0,1,,
2023,68,MECKLENBURG,CHARLOTTE-MECKLENBURG ANIMAL CARE & CONTROL,PONY,1,0,0,0,,
2023,68,MECKLENBURG,CHARLOTTE-MECKLENBURG ANIMAL CARE & CONTROL,TROPICAL FISH,132,29,0,0,,
2023,68,MECKLENBURG,CHARLOTTE-MECKLENBURG ANIMAL CARE & CONTROL,ARAUCANA,5,5,0,0,,
2023,68,MECKLENBURG,CHARLOTTE-MECKLENBURG ANIMAL CARE & CONTROL,BANTAM,2,2,0,0,,
2023,68,MECKLENBURG,CHARLOTTE-MECKLENBURG ANIMAL CARE & CONTROL,BARRED ROCK,1,0,0,0,,
2023,68,MECKLENBURG,CHARLOTTE-MECKLENBURG ANIMAL CARE & CONTROL,BLACK,2,1,0,0,,
2023,68,MECKLENBURG,CHARLOTTE-MECKLENBURG ANIMAL CARE & CONTROL,COCHIN,1,1,0,0,,
2023,68,MECKLENBURG,CHARLOTTE-MECKLENBURG ANIMAL CARE & CONTROL,DOVE,3,0,0,1,,
2023,68,MECKLENBURG,CHARLOTTE-MECKLENBURG ANIMAL CARE & CONTROL,DUCK,2,0,0,1,,
2023,68,MECKLENBURG,CHARLOTTE-MECKLENBURG ANIMAL CARE & CONTROL,GAMEFOWL,5,5,0,0,,
2023,68,MECKLENBURG,CHARLOTTE-MECKLENBURG ANIMAL CARE & CONTROL,GOOSE,7,0,0,2,,
2023,68,MECKLENBURG,CHARLOTTE-MECKLENBURG ANIMAL CARE & CONTROL,HEN,19,11,1,2,,
2023,68,MECKLENBURG,CHARLOTTE-MECKLENBURG ANIMAL CARE & CONTROL,PIGEON,6,0,0,1,,
2023,68,MECKLENBURG,CHARLOTTE-MECKLENBURG ANIMAL CARE & CONTROL,ROOSTER,9,8,0,1,,
2023,68,MECKLENBURG,CHARLOTTE-MECKLENBURG ANIMAL CARE & CONTROL,GOAT,6,2,1,2,,
2023,68,MECKLENBURG,CHARLOTTE-MECKLENBURG ANIMAL CARE & CONTROL,LA MANCHA,1,1,0,0,,
2023,68,MECKLENBURG,CHARLOTTE-MECKLENBURG ANIMAL CARE & CONTROL,SHEEP,5,0,2,2,,
2023,68,MECKLENBURG,CHARLOTTE-MECKLENBURG ANIMAL CARE & CONTROL,BAT,147,0,0,102,,
2023,68,MECKLENBURG,CHARLOTTE-MECKLENBURG ANIMAL CARE & CONTROL,BEAVER,1,0,0,0,,
2023,68,MECKLENBURG,CHARLOTTE-MECKLENBURG ANIMAL CARE & CONTROL,COYOTE,10,0,0,10,,
2023,68,MECKLENBURG,CHARLOTTE-MECKLENBURG ANIMAL CARE & CONTROL,DEER,183,0,0,152,,
2023,68,MECKLENBURG,CHARLOTTE-MECKLENBURG ANIMAL CARE & CONTROL,FERRET,5,3,1,0,,
2023,68,MECKLENBURG,CHARLOTTE-MECKLENBURG ANIMAL CARE & CONTROL,FOX,24,0,0,22,,
2023,68,MECKLENBURG,CHARLOTTE-MECKLENBURG ANIMAL CARE & CONTROL,MUSKRAT,1,0,0,0,,
2023,68,MECKLENBURG,CHARLOTTE-MECKLENBURG ANIMAL CARE & CONTROL,OPOSSUM,64,0,0,46,,
2023,68,MECKLENBURG,CHARLOTTE-MECKLENBURG ANIMAL CARE & CONTROL,RACCOON,363,0,0,318,,
2023,68,MECKLENBURG,CHARLOTTE-MECKLENBURG ANIMAL CARE & CONTROL,AMERICAN RABBIT,1,0,1,0,,
2023,68,MECKLENBURG,CHARLOTTE-MECKLENBURG ANIMAL CARE & CONTROL,ANGORA-FRENCH,2,2,0,0,,
2023,68,MECKLENBURG,CHARLOTTE-MECKLENBURG ANIMAL CARE & CONTROL,DUTCH,1,1,0,0,,
2023,68,MECKLENBURG,CHARLOTTE-MECKLENBURG ANIMAL CARE & CONTROL,ENGLISH SPOT,1,1,0,0,,
2023,68,MECKLENBURG,CHARLOTTE-MECKLENBURG ANIMAL CARE & CONTROL,LOP-AMER FUZZY,1,1,0,0,,
2023,68,MECKLENBURG,CHARLOTTE-MECKLENBURG ANIMAL CARE & CONTROL,NEW ZEALAND WH,1,1,0,0,,
2023,68,MECKLENBURG,CHARLOTTE-MECKLENBURG ANIMAL CARE & CONTROL,RABBIT LH,8,5,1,0,,
2023,68,MECKLENBURG,CHARLOTTE-MECKLENBURG ANIMAL CARE & CONTROL,RABBIT SH,1287,67,1,30,,
2023,68,MECKLENBURG,CHARLOTTE-MECKLENBURG ANIMAL CARE & CONTROL,REX,2,2,0,0,,
2023,68,MECKLENBURG,CHARLOTTE-MECKLENBURG ANIMAL CARE & CONTROL,SATIN,1,1,0,0,,
2023,68,MECKLENBURG,CHARLOTTE-MECKLENBURG ANIMAL CARE & CONTROL,ALLIGATOR,2,0,0,2,,
2023,68,MECKLENBURG,CHARLOTTE-MECKLENBURG ANIMAL CARE & CONTROL,FROG,5,0,0,0,,
2023,68,MECKLENBURG,CHARLOTTE-MECKLENBURG ANIMAL CARE & CONTROL,LIZARD,15,5,4,0,,
2023,68,MECKLENBURG,CHARLOTTE-MECKLENBURG ANIMAL CARE & CONTROL,SNAKE,13,4,0,0,,
2023,68,MECKLENBURG,CHARLOTTE-MECKLENBURG ANIMAL CARE & CONTROL,TURTLE,28,0,0,8,,
2023,68,MECKLENBURG,CHARLOTTE-MECKLENBURG ANIMAL CARE & CONTROL,CHINCHILLA,1,0,1,0,,
2023,68,MECKLENBURG,CHARLOTTE-MECKLENBURG ANIMAL CARE & CONTROL,CHIPMUNK,3,0,0,3,,
2023,68,MECKLENBURG,CHARLOTTE-MECKLENBURG ANIMAL CARE & CONTROL,GERBIL,3,3,0,0,,
2023,68,MECKLENBURG,CHARLOTTE-MECKLENBURG ANIMAL CARE & CONTROL,GUINEA PIG,115,108,5,0,,
2023,68,MECKLENBURG,CHARLOTTE-MECKLENBURG ANIMAL CARE & CONTROL,HAMSTER,6,4,0,2,,
2023,68,MECKLENBURG,CHARLOTTE-MECKLENBURG ANIMAL CARE & CONTROL,MOUSE,3,2,0,0,,
2023,68,MECKLENBURG,CHARLOTTE-MECKLENBURG ANIMAL CARE & CONTROL,RAT,14,4,0,5,,
2023,68,MECKLENBURG,CHARLOTTE-MECKLENBURG ANIMAL CARE & CONTROL,SQUIRREL,37,0,0,26,,
2023,68,MECKLENBURG,CHARLOTTE-MECKLENBURG ANIMAL CARE & CONTROL,PIG,16,15,1,0,,
2023,68,MECKLENBURG,CHARLOTTE-MECKLENBURG ANIMAL CARE & CONTROL,BLACK BIRD,3,0,0,1,,
2023,68,MECKLENBURG,CHARLOTTE-MECKLENBURG ANIMAL CARE & CONTROL,BLUE BIRD,6,0,0,3,,
2023,68,MECKLENBURG,CHARLOTTE-MECKLENBURG ANIMAL CARE & CONTROL,DUCK,1,0,0,0,,
2023,68,MECKLENBURG,CHARLOTTE-MECKLENBURG ANIMAL CARE & CONTROL,HAWK,10,0,0,1,,
2023,68,MECKLENBURG,CHARLOTTE-MECKLENBURG ANIMAL CARE & CONTROL,MOCKINGBIRD,1,0,0,1,,
2023,68,MECKLENBURG,CHARLOTTE-MECKLENBURG ANIMAL CARE & CONTROL,OTHER BIRD,15,0,0,3,,
2023,68,MECKLENBURG,CHARLOTTE-MECKLENBURG ANIMAL CARE & CONTROL,OWL,8,0,0,0,,
2023,68,MECKLENBURG,CHARLOTTE-MECKLENBURG ANIMAL CARE & CONTROL,RAVEN,1,0,0,0,,
2023,68,MECKLENBURG,CHARLOTTE-MECKLENBURG ANIMAL CARE & CONTROL,SONG BIRD,13,0,0,3,,
2023,68,MECKLENBURG,CHARLOTTE-MECKLENBURG ANIMAL CARE & CONTROL,SWALOW,2,0,0,1,,
2023,68,MECKLENBURG,CHARLOTTE-MECKLENBURG ANIMAL CARE & CONTROL,,,,,,"$1,601,382.00",$155.43
2023,403,MONTGOMERY,MONTGOMERY COUNTY ANIMAL SERVICES,DOG,315,153,45,35,,
2023,403,MONTGOMERY,MONTGOMERY COUNTY ANIMAL SERVICES,CAT,184,60,3,28,,
2023,403,MONTGOMERY,MONTGOMERY COUNTY ANIMAL SERVICES,RACCOON,4,0,0,4,,
2023,403,MONTGOMERY,MONTGOMERY COUNTY ANIMAL SERVICES,,,,,,$0.00,$0.00
2023,26,NASH,NASH COUNTY ANIMAL CONTROL,DOG,376,41,71,138,,
2023,26,NASH,NASH COUNTY ANIMAL CONTROL,CAT,381,11,4,319,,
2023,26,NASH,NASH COUNTY ANIMAL CONTROL,,,,,,"$390,066.21",$515.28
2023,154,NASH,ROCKY MOUNT ANIMAL SERVICES AND SHELTER,DOG,810,352,105,344,,
2023,154,NASH,ROCKY MOUNT ANIMAL SERVICES AND SHELTER,CAT,511,247,5,255,,
2023,154,NASH,ROCKY MOUNT ANIMAL SERVICES AND SHELTER,,,,,,"$343,860.00",$255.09
2023,16,NEW HANOVER,NEW HANOVER COUNTY SHERIFF'S ANIMAL SERVICE UNIT,DOG,1048,290,348,253,,
2023,16,NEW HANOVER,NEW HANOVER COUNTY SHERIFF'S ANIMAL SERVICE UNIT,CAT,493,247,28,43,,
2023,16,NEW HANOVER,NEW HANOVER COUNTY SHERIFF'S ANIMAL SERVICE UNIT,RABBIT,7,7,0,0,,
2023,16,NEW HANOVER,NEW HANOVER COUNTY SHERIFF'S ANIMAL SERVICE UNIT,RACCOON,14,0,0,12,,
2023,16,NEW HANOVER,NEW HANOVER COUNTY SHERIFF'S ANIMAL SERVICE UNIT,OPOSSUM,6,0,0,6,,
2023,16,NEW HANOVER,NEW HANOVER COUNTY SHERIFF'S ANIMAL SERVICE UNIT,PIG,3,3,0,0,,
2023,16,NEW HANOVER,NEW HANOVER COUNTY SHERIFF'S ANIMAL SERVICE UNIT,GOAT,2,2,0,0,,
2023,16,NEW HANOVER,NEW HANOVER COUNTY SHERIFF'S ANIMAL SERVICE UNIT,GUINEA PIG,13,12,0,1,,
2023,16,NEW HANOVER,NEW HANOVER COUNTY SHERIFF'S ANIMAL SERVICE UNIT,BAT,11,0,0,11,,
2023,16,NEW HANOVER,NEW HANOVER COUNTY SHERIFF'S ANIMAL SERVICE UNIT,EXOTIC FISH,8,8,0,0,,
2023,16,NEW HANOVER,NEW HANOVER COUNTY SHERIFF'S ANIMAL SERVICE UNIT,HAMSTER,3,2,0,1,,
2023,16,NEW HANOVER,NEW HANOVER COUNTY SHERIFF'S ANIMAL SERVICE UNIT,FERRET,1,0,1,0,,
2023,16,NEW HANOVER,NEW HANOVER COUNTY SHERIFF'S ANIMAL SERVICE UNIT,RAT,1,1,0,0,,
2023,16,NEW HANOVER,NEW HANOVER COUNTY SHERIFF'S ANIMAL SERVICE UNIT,FOX,2,0,0,2,,
2023,16,NEW HANOVER,NEW HANOVER COUNTY SHERIFF'S ANIMAL SERVICE UNIT,SQUIRREL,1,0,0,1,,
2023,16,NEW HANOVER,NEW HANOVER COUNTY SHERIFF'S ANIMAL SERVICE UNIT,MUSKRAT,1,0,0,1,,
2023,16,NEW HANOVER,NEW HANOVER COUNTY SHERIFF'S ANIMAL SERVICE UNIT,,,,,,"$343,725.00",-
2023,98,NORTHAMPTON,"CONWAY, TOWN OF",DOG,0,0,0,0,,
2023,98,NORTHAMPTON,"CONWAY, TOWN OF",CAT,0,0,0,0,,
2023,98,NORTHAMPTON,"CONWAY, TOWN OF",,,,,,$0.00,$0.00
2023,114,NORTHAMPTON,"GARYSBURG, TOWN OF",DOG,4,0,0,0,,
2023,114,NORTHAMPTON,"GARYSBURG, TOWN OF",CAT,1,0,0,0,,
2023,114,NORTHAMPTON,"GARYSBURG, TOWN OF",,,,,,$0.00,$0.00
2023,115,NORTHAMPTON,NORTHAMPTON COUNTY ANIMAL,DOG,301,179,67,55,,
2023,115,NORTHAMPTON,NORTHAMPTON COUNTY ANIMAL,CAT,232,113,7,92,,
2023,115,NORTHAMPTON,NORTHAMPTON COUNTY ANIMAL,RACCOON,3,0,0,3,,
2023,115,NORTHAMPTON,NORTHAMPTON COUNTY ANIMAL,,,,,,"$110,282.45",$205.75
2023,20,ORANGE,ORANGE COUNTY ANIMAL SHELTER,DOG,995,690,220,82,,
2023,20,ORANGE,ORANGE COUNTY ANIMAL SHELTER,CAT,1618,1414,66,96,,
2023,20,ORANGE,ORANGE COUNTY ANIMAL SHELTER,RABBIT,21,20,0,0,,
2023,20,ORANGE,ORANGE COUNTY ANIMAL SHELTER,RACCOON,29,0,0,24,,
2023,20,ORANGE,ORANGE COUNTY ANIMAL SHELTER,OPOSSUM,1,0,0,1,,
2023,20,ORANGE,ORANGE COUNTY ANIMAL SHELTER,BIRD,12,11,0,0,,
2023,20,ORANGE,ORANGE COUNTY ANIMAL SHELTER,LIVESTOCK,7,4,3,0,,
2023,20,ORANGE,ORANGE COUNTY ANIMAL SHELTER,BAT,33,0,0,31,,
2023,20,ORANGE,ORANGE COUNTY ANIMAL SHELTER,DEER,28,0,0,21,,
2023,20,ORANGE,ORANGE COUNTY ANIMAL SHELTER,FOX,6,0,0,2,,
2023,20,ORANGE,ORANGE COUNTY ANIMAL SHELTER,FERRET,1,1,0,0,,
2023,20,ORANGE,ORANGE COUNTY ANIMAL SHELTER,SNAKE,14,3,11,0,,
2023,20,ORANGE,ORANGE COUNTY ANIMAL SHELTER,LIZARD,10,0,10,0,,
2023,20,ORANGE,ORANGE COUNTY ANIMAL SHELTER,SKUNK,6,0,0,2,,
2023,20,ORANGE,ORANGE COUNTY ANIMAL SHELTER,COYOTE,1,0,0,0,,
2023,20,ORANGE,ORANGE COUNTY ANIMAL SHELTER,GUINEA PIG,20,21,0,0,,
2023,20,ORANGE,ORANGE COUNTY ANIMAL SHELTER,HAMSTER,2,2,0,0,,
2023,20,ORANGE,ORANGE COUNTY ANIMAL SHELTER,RAT,1,1,0,0,,
2023,20,ORANGE,ORANGE COUNTY ANIMAL SHELTER,TURTLE,2,0,2,0,,
2023,20,ORANGE,ORANGE COUNTY ANIMAL SHELTER,HEDGEHOG,1,1,0,0,,
2023,20,ORANGE,ORANGE COUNTY ANIMAL SHELTER,,,,,,"$302,622.00",
2023,21,PERSON,PERSON COUNTY ANIMAL SHELTER,DOG,603,135,147,242,,
2023,21,PERSON,PERSON COUNTY ANIMAL SHELTER,CAT,844,256,21,518,,
2023,21,PERSON,PERSON COUNTY ANIMAL SHELTER,PIG,2,2,0,0,,
2023,21,PERSON,PERSON COUNTY ANIMAL SHELTER,,,,,,"$55,200.00",
2023,131,PITT,"AYDEN, TOWN OF",DOG,38,17,15,6,,
2023,131,PITT,"AYDEN, TOWN OF",CAT,33,25,2,6,,
2023,131,PITT,"AYDEN, TOWN OF",,,,,,$0.00,
2023,77,PITT,PITT COUNTY ANIMAL SHELTER,DOG,1126,518,167,285,,
2023,77,PITT,PITT COUNTY ANIMAL SHELTER,CAT,817,395,20,55,,
2023,77,PITT,PITT COUNTY ANIMAL SHELTER,,,,,,"$1,282,952.00",
2023,24,RANDOLPH,RANDOLPH  COUNTY ANIMAL SERVICES,DOG,1565,321,335,521,,
2023,24,RANDOLPH,RANDOLPH  COUNTY ANIMAL SERVICES,CAT,1872,257,65,1136,,
2023,24,RANDOLPH,RANDOLPH  COUNTY ANIMAL SERVICES,RABBIT,2,1,0,0,,
2023,24,RANDOLPH,RANDOLPH  COUNTY ANIMAL SERVICES,RACCOON,32,2,0,20,,
2023,24,RANDOLPH,RANDOLPH  COUNTY ANIMAL SERVICES,CHICKEN,23,23,0,0,,
2023,24,RANDOLPH,RANDOLPH  COUNTY ANIMAL SERVICES,TURKEY,1,1,0,0,,
2023,24,RANDOLPH,RANDOLPH  COUNTY ANIMAL SERVICES,HAWK,2,1,0,1,,
2023,24,RANDOLPH,RANDOLPH  COUNTY ANIMAL SERVICES,GOOSE,2,2,0,0,,
2023,24,RANDOLPH,RANDOLPH  COUNTY ANIMAL SERVICES,DONKEY,11,11,0,0,,
2023,24,RANDOLPH,RANDOLPH  COUNTY ANIMAL SERVICES,PIG,5,3,1,1,,
2023,24,RANDOLPH,RANDOLPH  COUNTY ANIMAL SERVICES,BAT,16,0,0,10,,
2023,24,RANDOLPH,RANDOLPH  COUNTY ANIMAL SERVICES,HAMSTER,55,51,0,0,,
2023,24,RANDOLPH,RANDOLPH  COUNTY ANIMAL SERVICES,SNAKE,1,1,0,0,,
2023,24,RANDOLPH,RANDOLPH  COUNTY ANIMAL SERVICES,DEER,3,1,0,2,,
2023,24,RANDOLPH,RANDOLPH  COUNTY ANIMAL SERVICES,FOX,13,0,0,8,,
2023,24,RANDOLPH,RANDOLPH  COUNTY ANIMAL SERVICES,GUINEA PIG,3,3,0,0,,
2023,24,RANDOLPH,RANDOLPH  COUNTY ANIMAL SERVICES,SHEEP,1,0,1,0,,
2023,24,RANDOLPH,RANDOLPH  COUNTY ANIMAL SERVICES,SKUNK,7,0,0,3,,
2023,24,RANDOLPH,RANDOLPH  COUNTY ANIMAL SERVICES,,,,,,"$1,085,912.00",$300.06
2023,103,ROBESON,LUMBERTON POLICE DEPT.,DOG,316,0,0,0,,
2023,103,ROBESON,LUMBERTON POLICE DEPT.,CAT,219,0,0,0,,
2023,103,ROBESON,LUMBERTON POLICE DEPT.,,,,,,$0.00,$0.00
2023,117,ROBESON,"MAXTON, TOWN OF",DOG,46,0,0,0,,
2023,117,ROBESON,"MAXTON, TOWN OF",CAT,6,0,0,0,,
2023,117,ROBESON,"MAXTON, TOWN OF",,,,,,$0.00,$0.00
2023,439,ROBESON,ROBESON COUNTY SO APS,DOG,3543,372,206,1770,,
2023,439,ROBESON,ROBESON COUNTY SO APS,CAT,2153,102,19,1618,,
2023,439,ROBESON,ROBESON COUNTY SO APS,,,,,,"$751,874.00",$132.00
2023,136,ROCKINGHAM,ROCKINGHAM COUNTY ANIMAL SHELTER,DOG,1546,838,291,376,,
2023,136,ROCKINGHAM,ROCKINGHAM COUNTY ANIMAL SHELTER,CAT,2662,982,44,1454,,
2023,136,ROCKINGHAM,ROCKINGHAM COUNTY ANIMAL SHELTER,RABBIT,20,19,0,1,,
2023,136,ROCKINGHAM,ROCKINGHAM COUNTY ANIMAL SHELTER,BIRD,3,2,0,1,,
2023,136,ROCKINGHAM,ROCKINGHAM COUNTY ANIMAL SHELTER,BAT,8,0,0,0,,
2023,136,ROCKINGHAM,ROCKINGHAM COUNTY ANIMAL SHELTER,CHICKEN,32,29,0,0,,
2023,136,ROCKINGHAM,ROCKINGHAM COUNTY ANIMAL SHELTER,DUCK,2,2,0,0,,
2023,136,ROCKINGHAM,ROCKINGHAM COUNTY ANIMAL SHELTER,GOOSE,2,2,0,0,,
2023,136,ROCKINGHAM,ROCKINGHAM COUNTY ANIMAL SHELTER,PIG,15,14,0,1,,
2023,136,ROCKINGHAM,ROCKINGHAM COUNTY ANIMAL SHELTER,SHEEP,2,2,0,0,,
2023,136,ROCKINGHAM,ROCKINGHAM COUNTY ANIMAL SHELTER,GOAT,5,5,0,0,,
2023,136,ROCKINGHAM,ROCKINGHAM COUNTY ANIMAL SHELTER,GUINEA PIG,26,26,0,0,,
2023,136,ROCKINGHAM,ROCKINGHAM COUNTY ANIMAL SHELTER,GERBIL,1,1,0,0,,
2023,136,ROCKINGHAM,ROCKINGHAM COUNTY ANIMAL SHELTER,HAMSTER,1,0,0,1,,
2023,136,ROCKINGHAM,ROCKINGHAM COUNTY ANIMAL SHELTER,RABBIT,20,0,0,0,,
2023,136,ROCKINGHAM,ROCKINGHAM COUNTY ANIMAL SHELTER,RAT,4,4,0,0,,
2023,136,ROCKINGHAM,ROCKINGHAM COUNTY ANIMAL SHELTER,FOX,1,0,0,0,,
2023,136,ROCKINGHAM,ROCKINGHAM COUNTY ANIMAL SHELTER,SNAKE,1,1,0,0,,
2023,136,ROCKINGHAM,ROCKINGHAM COUNTY ANIMAL SHELTER,,,,,,"$879,083.00",$202.04
2023,36,ROWAN,ROWAN COUNTY ANIMAL SHELTER,DOG,1992,1461,357,124,,
2023,36,ROWAN,ROWAN COUNTY ANIMAL SHELTER,CAT,3287,2467,29,240,,
2023,36,ROWAN,ROWAN COUNTY ANIMAL SHELTER,RABBIT,6,5,0,1,,
2023,36,ROWAN,ROWAN COUNTY ANIMAL SHELTER,CHICKEN,35,0,0,25,,
2023,36,ROWAN,ROWAN COUNTY ANIMAL SHELTER,BIRD,26,22,0,2,,
2023,36,ROWAN,ROWAN COUNTY ANIMAL SHELTER,GUINEA PIG,11,11,0,0,,
2023,36,ROWAN,ROWAN COUNTY ANIMAL SHELTER,PIG,7,4,1,0,,
2023,36,ROWAN,ROWAN COUNTY ANIMAL SHELTER,DUCK,5,0,0,5,,
2023,36,ROWAN,ROWAN COUNTY ANIMAL SHELTER,GUINEA,4,4,0,0,,
2023,36,ROWAN,ROWAN COUNTY ANIMAL SHELTER,LIZARD,4,3,0,0,,
2023,36,ROWAN,ROWAN COUNTY ANIMAL SHELTER,SNAKE,4,2,0,0,,
2023,36,ROWAN,ROWAN COUNTY ANIMAL SHELTER,TURKEY,4,0,4,0,,
2023,36,ROWAN,ROWAN COUNTY ANIMAL SHELTER,BAT,3,0,0,3,,
2023,36,ROWAN,ROWAN COUNTY ANIMAL SHELTER,GOAT,3,2,0,0,,
2023,36,ROWAN,ROWAN COUNTY ANIMAL SHELTER,FERRET,2,1,1,0,,
2023,36,ROWAN,ROWAN COUNTY ANIMAL SHELTER,HORSE,2,0,2,0,,
2023,36,ROWAN,ROWAN COUNTY ANIMAL SHELTER,DONKEY,1,0,1,0,,
2023,36,ROWAN,ROWAN COUNTY ANIMAL SHELTER,FISH,1,1,0,0,,
2023,36,ROWAN,ROWAN COUNTY ANIMAL SHELTER,FOX,1,0,0,0,,
2023,36,ROWAN,ROWAN COUNTY ANIMAL SHELTER,HEDGEHOG,1,1,0,0,,
2023,36,ROWAN,ROWAN COUNTY ANIMAL SHELTER,TURTLE,1,1,0,0,,
2023,36,ROWAN,ROWAN COUNTY ANIMAL SHELTER,VULTURE,1,0,0,1,,
2023,36,ROWAN,ROWAN COUNTY ANIMAL SHELTER,,,,,,"$1,149,728.00",$212.87
2023,81,SAMPSON,SAMPSON COUNTY ANIMAL SHELTER,DOG,1381,839,111,428,,
2023,81,SAMPSON,SAMPSON COUNTY ANIMAL SHELTER,CAT,766,395,2,360,,
2023,81,SAMPSON,SAMPSON COUNTY ANIMAL SHELTER,,,,,,$0.00,$0.00
2023,32,SCOTLAND,ASHER ANIMAL SHELTER,DOG,408,218,30,155,,
2023,32,SCOTLAND,ASHER ANIMAL SHELTER,CAT,231,71,0,143,,
2023,32,SCOTLAND,ASHER ANIMAL SHELTER,,,,,,"$302,102.00",$473.00
2023,63,STOKES,STOKES COUNTY ANIMAL SHELTER,DOG,339,263,42,56,,
2023,63,STOKES,STOKES COUNTY ANIMAL SHELTER,CAT,317,195,8,90,,
2023,63,STOKES,STOKES COUNTY ANIMAL SHELTER,RABBIT,3,0,0,3,,
2023,63,STOKES,STOKES COUNTY ANIMAL SHELTER,SNAKE,1,0,1,0,,
2023,63,STOKES,STOKES COUNTY ANIMAL SHELTER,PIG,2,0,2,0,,
2023,63,STOKES,STOKES COUNTY ANIMAL SHELTER,,,,,,"$2,017,935.00",$589.20
2023,55,SURRY,SURRY CO SHERIFF'S OFFICE ANIMAL CONTROL DIV,DOG,1187,159,674,335,,
2023,55,SURRY,SURRY CO SHERIFF'S OFFICE ANIMAL CONTROL DIV,CAT,1567,198,260,1093,,
2023,55,SURRY,SURRY CO SHERIFF'S OFFICE ANIMAL CONTROL DIV,RACCOON,4,0,0,0,,
2023,55,SURRY,SURRY CO SHERIFF'S OFFICE ANIMAL CONTROL DIV,OPOSSUM,1,0,0,0,,
2023,55,SURRY,SURRY CO SHERIFF'S OFFICE ANIMAL CONTROL DIV,CHICKEN,5,0,5,0,,
2023,55,SURRY,SURRY CO SHERIFF'S OFFICE ANIMAL CONTROL DIV,FOX,2,0,0,0,,
2023,55,SURRY,SURRY CO SHERIFF'S OFFICE ANIMAL CONTROL DIV,GOAT,2,1,1,0,,
2023,55,SURRY,SURRY CO SHERIFF'S OFFICE ANIMAL CONTROL DIV,HORSE,1,1,0,0,,
2023,55,SURRY,SURRY CO SHERIFF'S OFFICE ANIMAL CONTROL DIV,SHEEP,1,1,0,0,,
2023,55,SURRY,SURRY CO SHERIFF'S OFFICE ANIMAL CONTROL DIV,SKUNK,1,0,0,0,,
2023,55,SURRY,SURRY CO SHERIFF'S OFFICE ANIMAL CONTROL DIV,GUINEA PIG,8,0,8,0,,
2023,55,SURRY,SURRY CO SHERIFF'S OFFICE ANIMAL CONTROL DIV,DONKEY,1,1,0,0,,
2023,55,SURRY,SURRY CO SHERIFF'S OFFICE ANIMAL CONTROL DIV,POTBELLY PIG,1,1,0,0,,
2023,55,SURRY,SURRY CO SHERIFF'S OFFICE ANIMAL CONTROL DIV,SQUIRREL,1,0,0,1,,
2023,55,SURRY,SURRY CO SHERIFF'S OFFICE ANIMAL CONTROL DIV,DEER,1,0,0,0,,
2023,55,SURRY,SURRY CO SHERIFF'S OFFICE ANIMAL CONTROL DIV,BAT,6,0,0,6,,
2023,55,SURRY,SURRY CO SHERIFF'S OFFICE ANIMAL CONTROL DIV,,,,,,"$535,000.00",$191.83
2023,90,TRANSYLVANIA,TRANSYLVANIA COUNTY ANIMAL SHELTER,DOG,551,219,282,25,,
2023,90,TRANSYLVANIA,TRANSYLVANIA COUNTY ANIMAL SHELTER,CAT,439,344,49,30,,
2023,90,TRANSYLVANIA,TRANSYLVANIA COUNTY ANIMAL SHELTER,RACCOON,1,0,0,1,,
2023,90,TRANSYLVANIA,TRANSYLVANIA COUNTY ANIMAL SHELTER,BIRD,4,0,4,0,,
2023,90,TRANSYLVANIA,TRANSYLVANIA COUNTY ANIMAL SHELTER,FERRET,2,0,2,0,,
2023,90,TRANSYLVANIA,TRANSYLVANIA COUNTY ANIMAL SHELTER,HORSE,1,1,0,0,,
2023,90,TRANSYLVANIA,TRANSYLVANIA COUNTY ANIMAL SHELTER,GOAT,1,0,1,0,,
2023,90,TRANSYLVANIA,TRANSYLVANIA COUNTY ANIMAL SHELTER,FOX,1,0,0,1,,
2023,90,TRANSYLVANIA,TRANSYLVANIA COUNTY ANIMAL SHELTER,,,,,,"$547,944.00",$547.94
2023,64,UNION,UNION COUNTY ANIMAL SHELTER,DOG,1870,799,281,534,,
2023,64,UNION,UNION COUNTY ANIMAL SHELTER,CAT,1721,595,34,1022,,
2023,64,UNION,UNION COUNTY ANIMAL SHELTER,RABBIT,17,15,0,2,,
2023,64,UNION,UNION COUNTY ANIMAL SHELTER,RACCOON,8,0,0,3,,
2023,64,UNION,UNION COUNTY ANIMAL SHELTER,BIRD,27,27,0,0,,
2023,64,UNION,UNION COUNTY ANIMAL SHELTER,GUINEA PIG,30,30,0,0,,
2023,64,UNION,UNION COUNTY ANIMAL SHELTER,SQUIRREL,1,0,0,0,,
2023,64,UNION,UNION COUNTY ANIMAL SHELTER,CHINCHILLA,2,2,0,1,,
2023,64,UNION,UNION COUNTY ANIMAL SHELTER,FOX,3,0,0,0,,
2023,64,UNION,UNION COUNTY ANIMAL SHELTER,REPTILE,1,1,0,0,,
2023,64,UNION,UNION COUNTY ANIMAL SHELTER,BAT,5,0,0,0,,
2023,64,UNION,UNION COUNTY ANIMAL SHELTER,PIG,3,2,1,0,,
2023,64,UNION,UNION COUNTY ANIMAL SHELTER,POULTRY,3,1,0,1,,
2023,64,UNION,UNION COUNTY ANIMAL SHELTER,AMPHIBIAN,2,2,0,0,,
2023,64,UNION,UNION COUNTY ANIMAL SHELTER,SNAKE,2,2,0,0,,
2023,64,UNION,UNION COUNTY ANIMAL SHELTER,SKUNK,2,0,0,0,,
2023,64,UNION,UNION COUNTY ANIMAL SHELTER,,,,,,"$1,513,552.00",$409.00
2023,49,VANCE,VANCE COUNTY ANIMAL SHELTER,DOG,590,75,81,201,,
2023,49,VANCE,VANCE COUNTY ANIMAL SHELTER,CAT,298,45,9,70,,
2023,49,VANCE,VANCE COUNTY ANIMAL SHELTER,RABBIT,6,2,0,1,,
2023,49,VANCE,VANCE COUNTY ANIMAL SHELTER,RACCOON,5,0,0,4,,
2023,49,VANCE,VANCE COUNTY ANIMAL SHELTER,KITTENS (UNDER 6 MO),615,53,4,10,,
2023,49,VANCE,VANCE COUNTY ANIMAL SHELTER,PUPPY (UNDER 6 MO),409,26,7,2,,
2023,49,VANCE,VANCE COUNTY ANIMAL SHELTER,BAT,5,0,0,5,,
2023,49,VANCE,VANCE COUNTY ANIMAL SHELTER,BIRD,5,4,0,0,,
2023,49,VANCE,VANCE COUNTY ANIMAL SHELTER,RAT,5,5,0,0,,
2023,49,VANCE,VANCE COUNTY ANIMAL SHELTER,DEER,1,0,0,0,,
2023,49,VANCE,VANCE COUNTY ANIMAL SHELTER,SKUNK,1,0,0,0,,
2023,49,VANCE,VANCE COUNTY ANIMAL SHELTER,DONKEY,1,0,0,0,,
2023,49,VANCE,VANCE COUNTY ANIMAL SHELTER,GOAT,2,0,2,0,,
2023,49,VANCE,VANCE COUNTY ANIMAL SHELTER,GUINEA PIG,1,1,0,0,,
2023,49,VANCE,VANCE COUNTY ANIMAL SHELTER,HORSE,5,0,5,0,,
2023,49,VANCE,VANCE COUNTY ANIMAL SHELTER,TORTOISE,1,1,0,0,,
2023,49,VANCE,VANCE COUNTY ANIMAL SHELTER,PIG,1,0,1,0,,
2023,49,VANCE,VANCE COUNTY ANIMAL SHELTER,,,,,,"$610,883.00",$313.11
2023,57,WAKE,WAKE COUNTY ANIMAL CARE & CONTROL,DOG,3324,2257,921,142,,
2023,57,WAKE,WAKE COUNTY ANIMAL CARE & CONTROL,CAT,3176,2405,177,580,,
2023,57,WAKE,WAKE COUNTY ANIMAL CARE & CONTROL,RABBIT,87,85,0,1,,
2023,57,WAKE,WAKE COUNTY ANIMAL CARE & CONTROL,FOWL,17,11,1,5,,
2023,57,WAKE,WAKE COUNTY ANIMAL CARE & CONTROL,RODENT,27,24,0,1,,
2023,57,WAKE,WAKE COUNTY ANIMAL CARE & CONTROL,REPTILE,32,28,2,0,,
2023,57,WAKE,WAKE COUNTY ANIMAL CARE & CONTROL,GUINEA PIG,124,122,0,1,,
2023,57,WAKE,WAKE COUNTY ANIMAL CARE & CONTROL,,,,,,"$4,522,107.00",$611.10
2023,50,WARREN,WARREN COUNTY ANIMAL CONTROL,DOG,585,425,71,109,,
2023,50,WARREN,WARREN COUNTY ANIMAL CONTROL,CAT,466,338,1,115,,
2023,50,WARREN,WARREN COUNTY ANIMAL CONTROL,PIG,1,1,0,0,,
2023,50,WARREN,WARREN COUNTY ANIMAL CONTROL,GUINEA PIG,2,2,0,0,,
2023,50,WARREN,WARREN COUNTY ANIMAL CONTROL,FOX,3,0,0,0,,
2023,50,WARREN,WARREN COUNTY ANIMAL CONTROL,BEAVER,1,0,0,1,,
2023,50,WARREN,WARREN COUNTY ANIMAL CONTROL,SKUNK,2,0,0,0,,
2023,50,WARREN,WARREN COUNTY ANIMAL CONTROL,DEER,1,0,0,1,,
2023,50,WARREN,WARREN COUNTY ANIMAL CONTROL,,,,,,"$450,670.00",$428.80
2023,78,WAYNE,WAYNE CO ANIMAL ADOPTION & EDUCATION CENTER ,DOG,1714,845,233,521,,
2023,78,WAYNE,WAYNE CO ANIMAL ADOPTION & EDUCATION CENTER ,CAT,1470,538,11,732,,
2023,78,WAYNE,WAYNE CO ANIMAL ADOPTION & EDUCATION CENTER ,RABBIT,3,2,0,0,,
2023,78,WAYNE,WAYNE CO ANIMAL ADOPTION & EDUCATION CENTER ,RACCOON,1,0,0,1,,
2023,78,WAYNE,WAYNE CO ANIMAL ADOPTION & EDUCATION CENTER ,OPOSSUM,2,0,0,0,,
2023,78,WAYNE,WAYNE CO ANIMAL ADOPTION & EDUCATION CENTER ,BAT,1,0,0,0,,
2023,78,WAYNE,WAYNE CO ANIMAL ADOPTION & EDUCATION CENTER ,CHICKEN,1,1,0,0,,
2023,78,WAYNE,WAYNE CO ANIMAL ADOPTION & EDUCATION CENTER ,HORSE,1,1,0,0,,
2023,78,WAYNE,WAYNE CO ANIMAL ADOPTION & EDUCATION CENTER ,GUINEA PIG,5,8,0,0,,
2023,78,WAYNE,WAYNE CO ANIMAL ADOPTION & EDUCATION CENTER ,HAMSTER,1,0,0,0,,
2023,78,WAYNE,WAYNE CO ANIMAL ADOPTION & EDUCATION CENTER ,SQUIRREL,2,0,0,2,,
2023,78,WAYNE,WAYNE CO ANIMAL ADOPTION & EDUCATION CENTER ,CHINCHILLA,2,2,0,0,,
2023,78,WAYNE,WAYNE CO ANIMAL ADOPTION & EDUCATION CENTER ,PIG,2,2,0,0,,
2023,78,WAYNE,WAYNE CO ANIMAL ADOPTION & EDUCATION CENTER ,GOAT,1,0,0,1,,
2023,78,WAYNE,WAYNE CO ANIMAL ADOPTION & EDUCATION CENTER ,TURKEY,1,0,0,1,,
2023,78,WAYNE,WAYNE CO ANIMAL ADOPTION & EDUCATION CENTER ,,,,,,"$881,817.17",$274.97
2023,19,WILKES,WILKES COUNTY ANIMAL SERVICES,DOG,1880,1018,194,665,,
2023,19,WILKES,WILKES COUNTY ANIMAL SERVICES,CAT,2920,746,26,2138,,
2023,19,WILKES,WILKES COUNTY ANIMAL SERVICES,RABBIT,3,2,0,1,,
2023,19,WILKES,WILKES COUNTY ANIMAL SERVICES,RACCOON,9,0,0,9,,
2023,19,WILKES,WILKES COUNTY ANIMAL SERVICES,OPOSSUM,3,0,0,3,,
2023,19,WILKES,WILKES COUNTY ANIMAL SERVICES,GUINEA PIG,1,1,0,0,,
2023,19,WILKES,WILKES COUNTY ANIMAL SERVICES,GOAT,3,0,3,0,,
2023,19,WILKES,WILKES COUNTY ANIMAL SERVICES,CHICKEN,2,0,0,2,,
2023,19,WILKES,WILKES COUNTY ANIMAL SERVICES,BAT,11,0,0,11,,
2023,19,WILKES,WILKES COUNTY ANIMAL SERVICES,GROUNDHOG,1,0,0,1,,
2023,19,WILKES,WILKES COUNTY ANIMAL SERVICES,HAWK,1,1,0,0,,
2023,19,WILKES,WILKES COUNTY ANIMAL SERVICES,PIG,2,2,0,0,,
2023,19,WILKES,WILKES COUNTY ANIMAL SERVICES,DEER,2,0,0,2,,
2023,19,WILKES,WILKES COUNTY ANIMAL SERVICES,SQUIRREL,1,0,0,0,,
2023,19,WILKES,WILKES COUNTY ANIMAL SERVICES,SKUNK,1,0,0,0,,
2023,19,WILKES,WILKES COUNTY ANIMAL SERVICES,,,,,,"$836,325.00",$172.79
2023,414,WILSON,WILSON COUNTY ANIMAL SERVICES,DOG,1223,641,284,302,,
2023,414,WILSON,WILSON COUNTY ANIMAL SERVICES,CAT,849,278,12,548,,
2023,414,WILSON,WILSON COUNTY ANIMAL SERVICES,RABBIT,5,5,0,0,,
2023,414,WILSON,WILSON COUNTY ANIMAL SERVICES,RACCOON,4,0,0,4,,
2023,414,WILSON,WILSON COUNTY ANIMAL SERVICES,OPOSSUM,1,0,0,0,,
2023,414,WILSON,WILSON COUNTY ANIMAL SERVICES,BIRD,1,1,0,0,,
2023,414,WILSON,WILSON COUNTY ANIMAL SERVICES,CHICKEN,1,0,0,0,,
2023,414,WILSON,WILSON COUNTY ANIMAL SERVICES,FERRET,2,2,0,0,,
2023,414,WILSON,WILSON COUNTY ANIMAL SERVICES,GOAT,3,3,0,0,,
2023,414,WILSON,WILSON COUNTY ANIMAL SERVICES,GUINEA PIG,2,2,0,0,,
2023,414,WILSON,WILSON COUNTY ANIMAL SERVICES,PIG,2,2,0,0,,
2023,414,WILSON,WILSON COUNTY ANIMAL SERVICES,BAT,23,0,0,23,,
2023,414,WILSON,WILSON COUNTY ANIMAL SERVICES,,,,,,-,-
2023,46,YADKIN,YADKIN COUNTY ANIMAL SHELTER,DOG,277,121,63,80,,
2023,46,YADKIN,YADKIN COUNTY ANIMAL SHELTER,CAT,619,447,8,165,,
2023,46,YADKIN,YADKIN COUNTY ANIMAL SHELTER,,,,,,"$300,057.32",$334.89
