lic_#,county,facility_name,species,intake,adopted_out,returned_to_owner,euthanized,adjusted_intake,adoption_rate,euthanasia_rate
23,ALAMANCE,BURLINGTON ANIMAL SERVICES,DOG,2190.0,1620.0,393.0,173.0,1797.0,73.97260273972603,7.899543378995435
23,ALAMANCE,BURLINGTON ANIMAL SERVICES,CAT,3987.0,3653.0,49.0,171.0,3938.0,91.62277401555053,4.288939051918736
74,ALEXANDER,ALEXANDER COUNTY ANIMAL SERVICES,DOG,288.0,134.0,94.0,53.0,194.0,46.52777777777778,18.40277777777778
74,ALEXANDER,ALEXANDER COUNTY ANIMAL SERVICES,CAT,267.0,131.0,6.0,113.0,261.0,49.063670411985015,42.32209737827715
43,ANSON,ANSON COUNTY ANIMAL SHELTER,DOG,663.0,613.0,42.0,5.0,621.0,92.45852187028657,0.7541478129713424
43,ANSON,ANSON COUNTY ANIMAL SHELTER,CAT,206.0,172.0,2.0,0.0,204.0,83.49514563106796,0.0
79,ASHE,ASHE COUNTY ANIMAL CONTROL,DOG,480.0,363.0,105.0,12.0,375.0,75.625,2.5
79,ASHE,ASHE COUNTY ANIMAL CONTROL,CAT,564.0,535.0,12.0,17.0,552.0,94.8581560283688,3.0141843971631204
58,BEAUFORT,BETSY BAILEY NELSON ANIMAL CONTROL FAC.,DOG,817.0,568.0,91.0,152.0,726.0,69.52264381884945,18.6046511627907
58,BEAUFORT,BETSY BAILEY NELSON ANIMAL CONTROL FAC.,CAT,836.0,516.0,8.0,287.0,828.0,61.72248803827751,34.33014354066985
126,BERTIE,"WINDSOR, TOWN OF",DOG,11.0,3.0,5.0,3.0,6.0,27.27272727272727,27.27272727272727
126,BERTIE,"WINDSOR, TOWN OF",CAT,6.0,5.0,1.0,0.0,5.0,83.33333333333334,0.0
85,BLADEN,BLADEN COUNTY ANIMAL SHELTER,DOG,893.0,695.0,119.0,51.0,774.0,77.82754759238522,5.711086226203808
85,BLADEN,BLADEN COUNTY ANIMAL SHELTER,CAT,684.0,533.0,12.0,146.0,672.0,77.92397660818715,21.34502923976608
15,BRUNSWICK,BRUNSWICK CO SHERIFF'S OFFICE APS,DOG,1881.0,797.0,372.0,597.0,1509.0,42.37107921318447,31.738437001594892
15,BRUNSWICK,BRUNSWICK CO SHERIFF'S OFFICE APS,CAT,2605.0,614.0,52.0,585.0,2553.0,23.5700575815739,22.456813819577732
110,BRUNSWICK,"SUNSET BEACH, TOWN OF",DOG,9.0,1.0,8.0,0.0,1.0,11.11111111111111,0.0
66,BUNCOMBE,ASHEVILLE HUMANE SOCIETY-BUNCOMBE CO ANIMAL SHELTER,CAT,2262.0,1906.0,131.0,166.0,2131.0,84.26171529619806,7.338638373121132
66,BUNCOMBE,ASHEVILLE HUMANE SOCIETY-BUNCOMBE CO ANIMAL SHELTER,DOG,1862.0,1008.0,486.0,282.0,1376.0,54.13533834586466,15.145005370569281
54,BURKE,BURKE COUNTY ANIMAL SERVICES,DOG,905.0,500.0,161.0,155.0,744.0,55.24861878453039,17.12707182320442
54,BURKE,BURKE COUNTY ANIMAL SERVICES,CAT,1036.0,624.0,30.0,291.0,1006.0,60.231660231660236,28.08880308880309
161,CABARRUS,CABARRUS COUNTY ANIMAL SHELTER,DOG,1613.0,703.0,582.0,359.0,1031.0,43.583384996900186,22.256664600123994
161,CABARRUS,CABARRUS COUNTY ANIMAL SHELTER,CAT,1458.0,789.0,30.0,634.0,1428.0,54.11522633744856,43.484224965706446
433,CALDWELL,CALDWELL CO. ANIMAL CARE ENFORCEMENT,DOG,807.0,256.0,120.0,348.0,687.0,31.722428748451055,43.12267657992565
433,CALDWELL,CALDWELL CO. ANIMAL CARE ENFORCEMENT,CAT,762.0,262.0,10.0,312.0,752.0,34.38320209973753,40.94488188976378
67,CASWELL,ANIMAL PROTECTION SOCIETY OF CASWELL COUNTY,DOG,440.0,416.0,43.0,44.0,397.0,94.54545454545455,10.0
67,CASWELL,ANIMAL PROTECTION SOCIETY OF CASWELL COUNTY,CAT,445.0,337.0,1.0,130.0,444.0,75.73033707865169,29.213483146067414
377,CHATHAM,CHATHAM COUNTY SHERIFF'S OFFICE CHATHAM COUNTY SHERIFF'S OFFICE ANIMAL RESOURCE CENTER,DOG,791.0,386.0,183.0,205.0,608.0,48.79898862199747,25.9165613147914
377,CHATHAM,CHATHAM COUNTY SHERIFF'S OFFICE ANIMAL RESOURCE CENTER,CAT,565.0,366.0,14.0,173.0,551.0,64.7787610619469,30.619469026548675
35,CHOWAN,TRI-COUNTY ANIMAL SHELTER,DOG,526.0,246.0,76.0,271.0,450.0,46.7680608365019,51.52091254752852
35,CHOWAN,TRI-COUNTY ANIMAL SHELTER,CAT,841.0,406.0,3.0,314.0,838.0,48.275862068965516,37.33650416171225
75,CLEVELAND,CLEVELAND COUNTY ANIMAL SHELTER,DOG,722.0,558.0,83.0,118.0,639.0,77.28531855955679,16.343490304709142
75,CLEVELAND,CLEVELAND COUNTY ANIMAL SHELTER,CAT,421.0,339.0,4.0,127.0,417.0,80.52256532066508,30.16627078384798
2,COLUMBUS,COLUMBUS COUNTY ANIMAL SHELTER,DOG,1310.0,378.0,66.0,866.0,1244.0,28.854961832061072,66.10687022900763
2,COLUMBUS,COLUMBUS COUNTY ANIMAL SHELTER,CAT,848.0,73.0,12.0,763.0,836.0,8.608490566037736,89.97641509433963
34,CRAVEN,CENTER CRAVEN-PAMLICO ANIMAL SERVICES,DOG,1503.0,864.0,247.0,402.0,1256.0,57.48502994011976,26.746506986027946
34,CRAVEN,CENTER CRAVEN-PAMLICO ANIMAL SERVICES,CAT,1950.0,751.0,172.0,989.0,1778.0,38.51282051282051,50.717948717948715
91,CRAVEN,HAVELOCK ANIMAL CONTROL,DOG,242.0,111.0,114.0,17.0,128.0,45.867768595041326,7.024793388429752
91,CRAVEN,HAVELOCK ANIMAL CONTROL,CAT,248.0,174.0,29.0,45.0,219.0,70.16129032258065,18.14516129032258
14,CUMBERLAND,CUMBERLAND COUNTY ANIMAL SERVICES,DOG,3976.0,1889.0,510.0,594.0,3466.0,47.51006036217304,14.939637826961771
14,CUMBERLAND,CUMBERLAND COUNTY ANIMAL SERVICES,CAT,3026.0,1664.0,46.0,860.0,2980.0,54.99008592200926,28.420356906807665
155,CURRITUCK,CURRITUCK ANIMAL SERVICES & CONTROL,DOG,397.0,243.0,126.0,13.0,271.0,61.20906801007556,3.27455919395466
155,CURRITUCK,CURRITUCK ANIMAL SERVICES & CONTROL,CAT,719.0,450.0,30.0,143.0,689.0,62.58692628650904,19.88873435326843
155,CURRITUCK,CURRITUCK ANIMAL SERVICES & CONTROL,DOG,435.0,274.0,134.0,34.0,301.0,62.98850574712643,7.816091954022989
155,CURRITUCK,CURRITUCK ANIMAL SERVICES & CONTROL,CAT,775.0,565.0,147.0,96.0,628.0,72.90322580645162,12.387096774193548
153,DAVIDSON,DAVIDSON COUNTY ANIMAL SHELTER,DOG,1777.0,759.0,346.0,672.0,1431.0,42.71243669105233,37.81654473832302
153,DAVIDSON,DAVIDSON COUNTY ANIMAL SHELTER,CAT,1569.0,580.0,22.0,967.0,1547.0,36.966220522625875,61.63161249203314
62,DAVIE,DAVIE COUNTY ANIMAL SHELTER,DOG,421.0,199.0,114.0,157.0,307.0,47.26840855106889,37.29216152019003
62,DAVIE,DAVIE COUNTY ANIMAL SHELTER,CAT,434.0,273.0,8.0,154.0,426.0,62.903225806451616,35.483870967741936
7,DURHAM,DURHAM COUNTY ANIMAL SHELTER,DOG,2589.0,1301.0,457.0,780.0,2132.0,50.25106218617227,30.127462340672075
7,DURHAM,DURHAM COUNTY ANIMAL SHELTER,CAT,1997.0,1190.0,29.0,706.0,1968.0,59.58938407611417,35.35302954431647
86,EDGECOMBE,EDGECOMBE COUNTY ANIMAL SHELTER,DOG,573.0,361.0,85.0,133.0,488.0,63.00174520069808,23.211169284467715
86,EDGECOMBE,EDGECOMBE COUNTY ANIMAL SHELTER,CAT,582.0,271.0,6.0,301.0,576.0,46.56357388316151,51.71821305841925
27,EDGECOMBE,"TARBORO ANIMAL SHELTER, TOWN OF",DOG,150.0,60.0,23.0,67.0,127.0,40.0,44.666666666666664
27,EDGECOMBE,"TARBORO ANIMAL SHELTER, TOWN OF",CAT,114.0,8.0,2.0,92.0,112.0,7.017543859649122,80.7017543859649
435,FORSYTH,FORSYTH COUNTY ANIMAL SHELTER,DOG,1890.0,1084.0,461.0,806.0,1429.0,57.354497354497354,42.645502645502646
435,FORSYTH,FORSYTH COUNTY ANIMAL SHELTER,CAT,879.0,597.0,41.0,282.0,838.0,67.91808873720136,32.081911262798634
1,FRANKLIN,FRANKLIN COUNTY ANIMAL SHELTER,DOG,1000.0,538.0,258.0,222.0,742.0,53.800000000000004,22.2
1,FRANKLIN,FRANKLIN COUNTY ANIMAL SHELTER,CAT,1392.0,412.0,498.0,475.0,894.0,29.597701149425287,34.12356321839081
398,GASTON,GASTON COUNTY ANIMAL CARE & ENFORCEMENT,DOG,1663.0,1154.0,327.0,150.0,1336.0,69.39266386049309,9.019843656043296
398,GASTON,GASTON COUNTY ANIMAL CARE & ENFORCEMENT,CAT,1375.0,1157.0,13.0,162.0,1362.0,84.14545454545454,11.781818181818181
404,GRANVILLE,GRANVILLE COUNTY ANIMAL SHELTER,DOG,852.0,428.0,171.0,197.0,681.0,50.23474178403756,23.122065727699532
404,GRANVILLE,GRANVILLE COUNTY ANIMAL SHELTER,CAT,1182.0,583.0,13.0,56.0,1169.0,49.323181049069376,4.737732656514383
421,GUILFORD,GUILFORD COUNTY ANIMAL RESOURCE CENTER,DOG,5109.0,2384.0,763.0,926.0,4346.0,46.66275200626346,18.1248776668624
421,GUILFORD,GUILFORD COUNTY ANIMAL RESOURCE CENTER,CAT,2732.0,1908.0,55.0,259.0,2677.0,69.8389458272328,9.480234260614933
96,HARNETT,"DUNN ANIMAL CONTROL FACILITY, CITY OF",DOG,173.0,92.0,26.0,20.0,147.0,53.179190751445084,11.560693641618498
96,HARNETT,"DUNN ANIMAL CONTROL FACILITY, CITY OF",CAT,277.0,232.0,0.0,46.0,277.0,83.75451263537906,16.60649819494585
44,HARNETT,HARNETT COUNTY ANIMAL SERVICES,DOG,1049.0,713.0,101.0,235.0,948.0,67.96949475691135,22.402287893231648
44,HARNETT,HARNETT COUNTY ANIMAL SERVICES,CAT,1142.0,804.0,27.0,311.0,1115.0,70.40280210157619,27.23292469352014
353,HAYWOOD,HAYWOOD COUNTY ANIMAL SERVICES,DOG,705.0,442.0,214.0,51.0,491.0,62.69503546099291,7.234042553191489
353,HAYWOOD,HAYWOOD COUNTY ANIMAL SERVICES,CAT,781.0,682.0,17.0,45.0,764.0,87.32394366197182,5.761843790012804
437,JACKSON,JACKSON COUNTY ANIMAL RESCUE CENTER,DOG,546.0,98.0,85.0,39.0,461.0,17.94871794871795,7.142857142857142
437,JACKSON,JACKSON COUNTY ANIMAL RESCUE CENTER,CAT,422.0,122.0,6.0,145.0,416.0,28.90995260663507,34.360189573459714
28,JOHNSTON,JOHNSTON COUNTY ANIMAL SERVICES,DOG,1695.0,606.0,374.0,739.0,1321.0,35.75221238938053,43.59882005899705
28,JOHNSTON,JOHNSTON COUNTY ANIMAL SERVICES,CAT,2396.0,366.0,58.0,1980.0,2338.0,15.275459098497496,82.63772954924875
448,LENOIR,LENOIR COUNTY SPCA,DOG,851.0,361.0,80.0,168.0,771.0,42.42068155111633,19.741480611045827
448,LENOIR,LENOIR COUNTY SPCA,CAT,523.0,231.0,2.0,213.0,521.0,44.168260038240916,40.72657743785851
76,LINCOLN,LINCOLN COUNTY ANIMAL SERVICES,DOG,777.0,605.0,147.0,26.0,630.0,77.86357786357786,3.346203346203346
76,LINCOLN,LINCOLN COUNTY ANIMAL SERVICES,CAT,966.0,911.0,32.0,19.0,934.0,94.30641821946169,1.9668737060041408
121,MACON,MACON COUNTY ANIMAL SHELTER,DOG,753.0,162.0,200.0,29.0,553.0,21.51394422310757,3.851261620185923
113,MADISON,MADISON COUNTY ANIMAL SERVICES,DOG,308.0,207.0,41.0,26.0,267.0,67.20779220779221,8.441558441558442
113,MADISON,MADISON COUNTY ANIMAL SERVICES,CAT,277.0,208.0,10.0,14.0,267.0,75.09025270758123,5.054151624548736
147,MARTIN,MARTIN COUNTY SHERIFF'S OFFICE ANIMAL SHELTER,DOG,236.0,74.0,31.0,127.0,205.0,31.35593220338983,53.813559322033896
147,MARTIN,MARTIN COUNTY SHERIFF'S OFFICE ANIMAL SHELTER,CAT,178.0,35.0,8.0,137.0,170.0,19.662921348314608,76.96629213483146
88,MCDOWELL,MCDOWELL COUNTY ANIMAL CONTROL,DOG,553.0,112.0,126.0,66.0,427.0,20.253164556962027,11.934900542495479
88,MCDOWELL,MCDOWELL COUNTY ANIMAL CONTROL,CAT,494.0,336.0,1.0,36.0,493.0,68.0161943319838,7.28744939271255
68,MECKLENBURG,CHARLOTTE-MECKLENBURG ANIMAL CARE & CONTROL,CAT,3145.0,2188.0,92.0,437.0,3053.0,69.57074721780604,13.895071542130367
68,MECKLENBURG,CHARLOTTE-MECKLENBURG ANIMAL CARE & CONTROL,DOG,5668.0,2536.0,1235.0,1025.0,4433.0,44.742413549753,18.083980239943543
403,MONTGOMERY,MONTGOMERY COUNTY ANIMAL SERVICES,DOG,315.0,153.0,45.0,35.0,270.0,48.57142857142857,11.11111111111111
403,MONTGOMERY,MONTGOMERY COUNTY ANIMAL SERVICES,CAT,184.0,60.0,3.0,28.0,181.0,32.608695652173914,15.217391304347828
26,NASH,NASH COUNTY ANIMAL CONTROL,DOG,376.0,41.0,71.0,138.0,305.0,10.904255319148938,36.702127659574465
26,NASH,NASH COUNTY ANIMAL CONTROL,CAT,381.0,11.0,4.0,319.0,377.0,2.8871391076115485,83.72703412073491
154,NASH,ROCKY MOUNT ANIMAL SERVICES AND SHELTER,DOG,810.0,352.0,105.0,344.0,705.0,43.45679012345679,42.46913580246914
154,NASH,ROCKY MOUNT ANIMAL SERVICES AND SHELTER,CAT,511.0,247.0,5.0,255.0,506.0,48.336594911937375,49.902152641878665
16,NEW HANOVER,NEW HANOVER COUNTY SHERIFF'S ANIMAL SERVICE UNIT,DOG,1048.0,290.0,348.0,253.0,700.0,27.671755725190838,24.141221374045802
16,NEW HANOVER,NEW HANOVER COUNTY SHERIFF'S ANIMAL SERVICE UNIT,CAT,493.0,247.0,28.0,43.0,465.0,50.10141987829615,8.72210953346856
114,NORTHAMPTON,"GARYSBURG, TOWN OF",DOG,4.0,0.0,0.0,0.0,4.0,0.0,0.0
114,NORTHAMPTON,"GARYSBURG, TOWN OF",CAT,1.0,0.0,0.0,0.0,1.0,0.0,0.0
115,NORTHAMPTON,NORTHAMPTON COUNTY ANIMAL,DOG,301.0,179.0,67.0,55.0,234.0,59.46843853820598,18.272425249169437
115,NORTHAMPTON,NORTHAMPTON COUNTY ANIMAL,CAT,232.0,113.0,7.0,92.0,225.0,48.706896551724135,39.6551724137931
20,ORANGE,ORANGE COUNTY ANIMAL SHELTER,DOG,995.0,690.0,220.0,82.0,775.0,69.34673366834171,8.241206030150753
20,ORANGE,ORANGE COUNTY ANIMAL SHELTER,CAT,1618.0,1414.0,66.0,96.0,1552.0,87.39184177997528,5.933250927070458
21,PERSON,PERSON COUNTY ANIMAL SHELTER,DOG,603.0,135.0,147.0,242.0,456.0,22.388059701492537,40.13266998341625
21,PERSON,PERSON COUNTY ANIMAL SHELTER,CAT,844.0,256.0,21.0,518.0,823.0,30.33175355450237,61.37440758293838
131,PITT,"AYDEN, TOWN OF",DOG,38.0,17.0,15.0,6.0,23.0,44.73684210526316,15.789473684210526
131,PITT,"AYDEN, TOWN OF",CAT,33.0,25.0,2.0,6.0,31.0,75.75757575757575,18.181818181818183
77,PITT,PITT COUNTY ANIMAL SHELTER,DOG,1126.0,518.0,167.0,285.0,959.0,46.00355239786856,25.31083481349911
77,PITT,PITT COUNTY ANIMAL SHELTER,CAT,817.0,395.0,20.0,55.0,797.0,48.34761321909425,6.731946144430845
24,RANDOLPH,RANDOLPH  COUNTY ANIMAL SERVICES,DOG,1565.0,321.0,335.0,521.0,1230.0,20.511182108626198,33.290734824281145
24,RANDOLPH,RANDOLPH  COUNTY ANIMAL SERVICES,CAT,1872.0,257.0,65.0,1136.0,1807.0,13.72863247863248,60.68376068376068
103,ROBESON,LUMBERTON POLICE DEPT.,DOG,316.0,0.0,0.0,0.0,316.0,0.0,0.0
103,ROBESON,LUMBERTON POLICE DEPT.,CAT,219.0,0.0,0.0,0.0,219.0,0.0,0.0
117,ROBESON,"MAXTON, TOWN OF",DOG,46.0,0.0,0.0,0.0,46.0,0.0,0.0
117,ROBESON,"MAXTON, TOWN OF",CAT,6.0,0.0,0.0,0.0,6.0,0.0,0.0
439,ROBESON,ROBESON COUNTY SO APS,DOG,3543.0,372.0,206.0,1770.0,3337.0,10.499576629974598,49.95766299745978
439,ROBESON,ROBESON COUNTY SO APS,CAT,2153.0,102.0,19.0,1618.0,2134.0,4.737575476079889,75.15095215977705
136,ROCKINGHAM,ROCKINGHAM COUNTY ANIMAL SHELTER,DOG,1546.0,838.0,291.0,376.0,1255.0,54.20439844760673,24.320827943078914
136,ROCKINGHAM,ROCKINGHAM COUNTY ANIMAL SHELTER,CAT,2662.0,982.0,44.0,1454.0,2618.0,36.88955672426747,54.6205860255447
36,ROWAN,ROWAN COUNTY ANIMAL SHELTER,DOG,1992.0,1461.0,357.0,124.0,1635.0,73.3433734939759,6.2248995983935735
36,ROWAN,ROWAN COUNTY ANIMAL SHELTER,CAT,3287.0,2467.0,29.0,240.0,3258.0,75.05324003650745,7.301490721022209
81,SAMPSON,SAMPSON COUNTY ANIMAL SHELTER,DOG,1381.0,839.0,111.0,428.0,1270.0,60.753077480086894,30.99203475742216
81,SAMPSON,SAMPSON COUNTY ANIMAL SHELTER,CAT,766.0,395.0,2.0,360.0,764.0,51.56657963446475,46.99738903394256
32,SCOTLAND,ASHER ANIMAL SHELTER,DOG,408.0,218.0,30.0,155.0,378.0,53.431372549019606,37.99019607843137
32,SCOTLAND,ASHER ANIMAL SHELTER,CAT,231.0,71.0,0.0,143.0,231.0,30.735930735930733,61.904761904761905
63,STOKES,STOKES COUNTY ANIMAL SHELTER,DOG,339.0,263.0,42.0,56.0,297.0,77.5811209439528,16.519174041297934
63,STOKES,STOKES COUNTY ANIMAL SHELTER,CAT,317.0,195.0,8.0,90.0,309.0,61.51419558359621,28.391167192429023
55,SURRY,SURRY CO SHERIFF'S OFFICE ANIMAL CONTROL DIV,DOG,1187.0,159.0,674.0,335.0,513.0,13.395113732097725,28.22240943555181
55,SURRY,SURRY CO SHERIFF'S OFFICE ANIMAL CONTROL DIV,CAT,1567.0,198.0,260.0,1093.0,1307.0,12.635609444798979,69.75111678366305
90,TRANSYLVANIA,TRANSYLVANIA COUNTY ANIMAL SHELTER,DOG,551.0,219.0,282.0,25.0,269.0,39.7459165154265,4.537205081669692
90,TRANSYLVANIA,TRANSYLVANIA COUNTY ANIMAL SHELTER,CAT,439.0,344.0,49.0,30.0,390.0,78.35990888382688,6.83371298405467
64,UNION,UNION COUNTY ANIMAL SHELTER,DOG,1870.0,799.0,281.0,534.0,1589.0,42.72727272727273,28.556149732620323
64,UNION,UNION COUNTY ANIMAL SHELTER,CAT,1721.0,595.0,34.0,1022.0,1687.0,34.572922719349215,59.384079023823354
49,VANCE,VANCE COUNTY ANIMAL SHELTER,DOG,590.0,75.0,81.0,201.0,509.0,12.711864406779661,34.067796610169495
49,VANCE,VANCE COUNTY ANIMAL SHELTER,CAT,298.0,45.0,9.0,70.0,289.0,15.100671140939598,23.48993288590604
49,VANCE,VANCE COUNTY ANIMAL SHELTER,CAT,615.0,53.0,4.0,10.0,611.0,8.617886178861788,1.6260162601626018
57,WAKE,WAKE COUNTY ANIMAL CARE & CONTROL,DOG,3324.0,2257.0,921.0,142.0,2403.0,67.90012033694343,4.271961492178098
57,WAKE,WAKE COUNTY ANIMAL CARE & CONTROL,CAT,3176.0,2405.0,177.0,580.0,2999.0,75.72418136020151,18.261964735516372
50,WARREN,WARREN COUNTY ANIMAL CONTROL,DOG,585.0,425.0,71.0,109.0,514.0,72.64957264957265,18.632478632478634
50,WARREN,WARREN COUNTY ANIMAL CONTROL,CAT,466.0,338.0,1.0,115.0,465.0,72.53218884120172,24.678111587982833
78,WAYNE,WAYNE CO ANIMAL ADOPTION & EDUCATION CENTER ,DOG,1714.0,845.0,233.0,521.0,1481.0,49.299883313885644,30.396732788798133
78,WAYNE,WAYNE CO ANIMAL ADOPTION & EDUCATION CENTER ,CAT,1470.0,538.0,11.0,732.0,1459.0,36.59863945578231,49.795918367346935
19,WILKES,WILKES COUNTY ANIMAL SERVICES,DOG,1880.0,1018.0,194.0,665.0,1686.0,54.14893617021277,35.37234042553192
19,WILKES,WILKES COUNTY ANIMAL SERVICES,CAT,2920.0,746.0,26.0,2138.0,2894.0,25.54794520547945,73.21917808219179
414,WILSON,WILSON COUNTY ANIMAL SERVICES,DOG,1223.0,641.0,284.0,302.0,939.0,52.41210139002453,24.693376941946035
414,WILSON,WILSON COUNTY ANIMAL SERVICES,CAT,849.0,278.0,12.0,548.0,837.0,32.744405182567725,64.54652532391049
46,YADKIN,YADKIN COUNTY ANIMAL SHELTER,DOG,277.0,121.0,63.0,80.0,214.0,43.682310469314075,28.880866425992778
46,YADKIN,YADKIN COUNTY ANIMAL SHELTER,CAT,619.0,447.0,8.0,165.0,611.0,72.21324717285945,26.65589660743134
